background_route_record_id,display_name,canonical_sphere_id,canonical_sphere_name,background_only,ordinary_training_presentation,selection_disposition,acquisition_route,source_text,source_provenance,record_commitment_sha256
tianxia.background_talent.alchemy.antidote_pill,Antidote Pill (Alchemy),tianxia.sphere.alchemy,Alchemy,true,false,BACKGROUND_ORIGIN_ONLY,background-talent-selection,**Alchemy Sphere.** You gain the Alchemy sphere and the **Antidote Pill** recipe.,"{""source_anchor"":""heading:background-spheres-and-talents"",""source_authority_sha256"":""4daf167cf634f27efef4dd2f1c8700bb4b7037cc6234c32be1af90aea5916385"",""source_file_sha256"":""e5e8203907dbded3303f197ff86579e82ec4d08df1fdbbcd51b03af5a98edf1c"",""source_pack"":""Tianxia_Factory_HF05ZVK_R1H_Phase2I_HF2"",""source_path"":""09_RULES/Source_Text/Tianxia_PHB_Backgrounds_v2_BOOK_CLEAN_ORIGIN_RECONCILED_v0_6.md"",""source_version"":""HF05ZVK-R1H Phase 2I HF2 / Canon Corpus P2A""}",7440baea0a91cb16564a7f373d6381ffcd62b98e4ff7b574cdde34e1f694f13c
tianxia.background_talent.alchemy.calming_heart_pill,Calming Heart Pill (Alchemy),tianxia.sphere.alchemy,Alchemy,true,false,BACKGROUND_ORIGIN_ONLY,background-talent-selection,**Alchemy Sphere.** You gain the Alchemy sphere and the **Calming Heart Pill** recipe.,"{""source_anchor"":""heading:background-spheres-and-talents"",""source_authority_sha256"":""4daf167cf634f27efef4dd2f1c8700bb4b7037cc6234c32be1af90aea5916385"",""source_file_sha256"":""e5e8203907dbded3303f197ff86579e82ec4d08df1fdbbcd51b03af5a98edf1c"",""source_pack"":""Tianxia_Factory_HF05ZVK_R1H_Phase2I_HF2"",""source_path"":""09_RULES/Source_Text/Tianxia_PHB_Backgrounds_v2_BOOK_CLEAN_ORIGIN_RECONCILED_v0_6.md"",""source_version"":""HF05ZVK-R1H Phase 2I HF2 / Canon Corpus P2A""}",31e6fc408548e70648fc54d0de9d7ca682c5c9c41a5ec9df29e6dd466978cf66
tianxia.background_talent.alchemy.healing_pill,Healing Pill (Alchemy),tianxia.sphere.alchemy,Alchemy,true,false,BACKGROUND_ORIGIN_ONLY,background-talent-selection,**Alchemy Sphere.** You gain the Alchemy sphere and the **Healing Pill** recipe.,"{""source_anchor"":""heading:background-spheres-and-talents"",""source_authority_sha256"":""4daf167cf634f27efef4dd2f1c8700bb4b7037cc6234c32be1af90aea5916385"",""source_file_sha256"":""e5e8203907dbded3303f197ff86579e82ec4d08df1fdbbcd51b03af5a98edf1c"",""source_pack"":""Tianxia_Factory_HF05ZVK_R1H_Phase2I_HF2"",""source_path"":""09_RULES/Source_Text/Tianxia_PHB_Backgrounds_v2_BOOK_CLEAN_ORIGIN_RECONCILED_v0_6.md"",""source_version"":""HF05ZVK-R1H Phase 2I HF2 / Canon Corpus P2A""}",ee17d6fcec3649b88a091e460e9eecfe2216adfdc6d7d6cf1dbb3713b79d4dcf
tianxia.background_talent.athletics.mighty_conditioning,Mighty Conditioning (Athletics),tianxia.sphere.athletics,Athletics,true,false,BACKGROUND_ORIGIN_ONLY,background-talent-selection,**Athletics Sphere.** You gain the Athletics sphere and the **Mighty Conditioning** talent.,"{""source_anchor"":""heading:background-spheres-and-talents"",""source_authority_sha256"":""4daf167cf634f27efef4dd2f1c8700bb4b7037cc6234c32be1af90aea5916385"",""source_file_sha256"":""e5e8203907dbded3303f197ff86579e82ec4d08df1fdbbcd51b03af5a98edf1c"",""source_pack"":""Tianxia_Factory_HF05ZVK_R1H_Phase2I_HF2"",""source_path"":""09_RULES/Source_Text/Tianxia_PHB_Backgrounds_v2_BOOK_CLEAN_ORIGIN_RECONCILED_v0_6.md"",""source_version"":""HF05ZVK-R1H Phase 2I HF2 / Canon Corpus P2A""}",1b0009fc9b43abdae725097484000bcc40b50f76f3385cf379233dd4d986c045
tianxia.background_talent.athletics.strong_lungs,Strong Lungs (Athletics),tianxia.sphere.athletics,Athletics,true,false,BACKGROUND_ORIGIN_ONLY,background-talent-selection,**Athletics Sphere.** You gain the Athletics sphere and the **Strong Lungs** talent.,"{""source_anchor"":""heading:background-spheres-and-talents"",""source_authority_sha256"":""4daf167cf634f27efef4dd2f1c8700bb4b7037cc6234c32be1af90aea5916385"",""source_file_sha256"":""e5e8203907dbded3303f197ff86579e82ec4d08df1fdbbcd51b03af5a98edf1c"",""source_pack"":""Tianxia_Factory_HF05ZVK_R1H_Phase2I_HF2"",""source_path"":""09_RULES/Source_Text/Tianxia_PHB_Backgrounds_v2_BOOK_CLEAN_ORIGIN_RECONCILED_v0_6.md"",""source_version"":""HF05ZVK-R1H Phase 2I HF2 / Canon Corpus P2A""}",c2879fcab2369c45f34d84d68a6a8ac5c8d847d179f9160f9e86cadb58d76efd
tianxia.background_talent.athletics.sure_grip,Sure Grip (Athletics),tianxia.sphere.athletics,Athletics,true,false,BACKGROUND_ORIGIN_ONLY,background-talent-selection,**Athletics Sphere.** You gain the Athletics sphere and the **Sure Grip** talent.,"{""source_anchor"":""heading:background-spheres-and-talents"",""source_authority_sha256"":""4daf167cf634f27efef4dd2f1c8700bb4b7037cc6234c32be1af90aea5916385"",""source_file_sha256"":""e5e8203907dbded3303f197ff86579e82ec4d08df1fdbbcd51b03af5a98edf1c"",""source_pack"":""Tianxia_Factory_HF05ZVK_R1H_Phase2I_HF2"",""source_path"":""09_RULES/Source_Text/Tianxia_PHB_Backgrounds_v2_BOOK_CLEAN_ORIGIN_RECONCILED_v0_6.md"",""source_version"":""HF05ZVK-R1H Phase 2I HF2 / Canon Corpus P2A""}",5183d13f41b62fbe181a4ec0ddc7bd293ed5fefa05a1cafe81aec6a37c24c3be
tianxia.background_talent.athletics.swift_movement,Swift Movement (Athletics),tianxia.sphere.athletics,Athletics,true,false,BACKGROUND_ORIGIN_ONLY,background-talent-selection,**Athletics Sphere.** You gain the Athletics sphere and the **Swift Movement** talent.,"{""source_anchor"":""heading:background-spheres-and-talents"",""source_authority_sha256"":""4daf167cf634f27efef4dd2f1c8700bb4b7037cc6234c32be1af90aea5916385"",""source_file_sha256"":""e5e8203907dbded3303f197ff86579e82ec4d08df1fdbbcd51b03af5a98edf1c"",""source_pack"":""Tianxia_Factory_HF05ZVK_R1H_Phase2I_HF2"",""source_path"":""09_RULES/Source_Text/Tianxia_PHB_Backgrounds_v2_BOOK_CLEAN_ORIGIN_RECONCILED_v0_6.md"",""source_version"":""HF05ZVK-R1H Phase 2I HF2 / Canon Corpus P2A""}",47ee670ab350c6b6a98fc51ed8a91ecb688b25cb2e213a9fdc24e8cd21ef0c5d
tianxia.background_talent.barrage.distracting_shot,Distracting Shot (Barrage),tianxia.sphere.barrage,Barrage,true,false,BACKGROUND_ORIGIN_ONLY,background-talent-selection,**Barrage Sphere.** You gain the Barrage sphere and the **Distracting Shot** talent.,"{""source_anchor"":""heading:background-spheres-and-talents"",""source_authority_sha256"":""4daf167cf634f27efef4dd2f1c8700bb4b7037cc6234c32be1af90aea5916385"",""source_file_sha256"":""e5e8203907dbded3303f197ff86579e82ec4d08df1fdbbcd51b03af5a98edf1c"",""source_pack"":""Tianxia_Factory_HF05ZVK_R1H_Phase2I_HF2"",""source_path"":""09_RULES/Source_Text/Tianxia_PHB_Backgrounds_v2_BOOK_CLEAN_ORIGIN_RECONCILED_v0_6.md"",""source_version"":""HF05ZVK-R1H Phase 2I HF2 / Canon Corpus P2A""}",94538003958ef6dfd6c739b1fe160e9a37d0a6ae74b9839f7445a90c5339d7f4
tianxia.background_talent.barrage.mobile_barrage,Mobile Barrage (Barrage),tianxia.sphere.barrage,Barrage,true,false,BACKGROUND_ORIGIN_ONLY,background-talent-selection,**Barrage Sphere.** You gain the Barrage sphere and the **Mobile Barrage** talent.,"{""source_anchor"":""heading:background-spheres-and-talents"",""source_authority_sha256"":""4daf167cf634f27efef4dd2f1c8700bb4b7037cc6234c32be1af90aea5916385"",""source_file_sha256"":""e5e8203907dbded3303f197ff86579e82ec4d08df1fdbbcd51b03af5a98edf1c"",""source_pack"":""Tianxia_Factory_HF05ZVK_R1H_Phase2I_HF2"",""source_path"":""09_RULES/Source_Text/Tianxia_PHB_Backgrounds_v2_BOOK_CLEAN_ORIGIN_RECONCILED_v0_6.md"",""source_version"":""HF05ZVK-R1H Phase 2I HF2 / Canon Corpus P2A""}",1fa47f2cd81b3590d5118b88977640ab72f54d79123cd01dc781b13b001a4b6c
tianxia.background_talent.beastmastery.lookout,Lookout (Beastmastery),tianxia.sphere.beastmastery,Beastmastery,true,false,BACKGROUND_ORIGIN_ONLY,background-talent-selection,**Beastmastery Sphere.** You gain the Beastmastery sphere and the **Lookout** talent.,"{""source_anchor"":""heading:background-spheres-and-talents"",""source_authority_sha256"":""4daf167cf634f27efef4dd2f1c8700bb4b7037cc6234c32be1af90aea5916385"",""source_file_sha256"":""e5e8203907dbded3303f197ff86579e82ec4d08df1fdbbcd51b03af5a98edf1c"",""source_pack"":""Tianxia_Factory_HF05ZVK_R1H_Phase2I_HF2"",""source_path"":""09_RULES/Source_Text/Tianxia_PHB_Backgrounds_v2_BOOK_CLEAN_ORIGIN_RECONCILED_v0_6.md"",""source_version"":""HF05ZVK-R1H Phase 2I HF2 / Canon Corpus P2A""}",fcd294929140f694fb2c6bd243b5c1ccca33c37b012d5296851b48693ecca6b8
tianxia.background_talent.beastmastery.mount_training,Mount Training (Beastmastery),tianxia.sphere.beastmastery,Beastmastery,true,false,BACKGROUND_ORIGIN_ONLY,background-talent-selection,**Beastmastery Sphere.** You gain the Beastmastery sphere and the **Mount Training** talent.,"{""source_anchor"":""heading:background-spheres-and-talents"",""source_authority_sha256"":""4daf167cf634f27efef4dd2f1c8700bb4b7037cc6234c32be1af90aea5916385"",""source_file_sha256"":""e5e8203907dbded3303f197ff86579e82ec4d08df1fdbbcd51b03af5a98edf1c"",""source_pack"":""Tianxia_Factory_HF05ZVK_R1H_Phase2I_HF2"",""source_path"":""09_RULES/Source_Text/Tianxia_PHB_Backgrounds_v2_BOOK_CLEAN_ORIGIN_RECONCILED_v0_6.md"",""source_version"":""HF05ZVK-R1H Phase 2I HF2 / Canon Corpus P2A""}",0587edcfcbdfcf83cd7510f2dfcd5081f21f8bc0068f27be4bff9c4ad1e856cf
tianxia.background_talent.blacksmith.field_repair,Field Repair (Blacksmith),tianxia.sphere.blacksmith,Blacksmith,true,false,BACKGROUND_ORIGIN_ONLY,background-talent-selection,**Blacksmith Sphere.** You gain the Blacksmith sphere and the **Field Repair** talent.,"{""source_anchor"":""heading:background-spheres-and-talents"",""source_authority_sha256"":""4daf167cf634f27efef4dd2f1c8700bb4b7037cc6234c32be1af90aea5916385"",""source_file_sha256"":""e5e8203907dbded3303f197ff86579e82ec4d08df1fdbbcd51b03af5a98edf1c"",""source_pack"":""Tianxia_Factory_HF05ZVK_R1H_Phase2I_HF2"",""source_path"":""09_RULES/Source_Text/Tianxia_PHB_Backgrounds_v2_BOOK_CLEAN_ORIGIN_RECONCILED_v0_6.md"",""source_version"":""HF05ZVK-R1H Phase 2I HF2 / Canon Corpus P2A""}",2bf09ed2c2a1594522e483c012ee8f3ee5c2041b4239199e46680f192eaa4280
tianxia.background_talent.blacksmith.workman_s_eye,Workman’s Eye (Blacksmith),tianxia.sphere.blacksmith,Blacksmith,true,false,BACKGROUND_ORIGIN_ONLY,background-talent-selection,**Blacksmith Sphere.** You gain the Blacksmith sphere and the **Workman’s Eye** talent.,"{""source_anchor"":""heading:background-spheres-and-talents"",""source_authority_sha256"":""4daf167cf634f27efef4dd2f1c8700bb4b7037cc6234c32be1af90aea5916385"",""source_file_sha256"":""e5e8203907dbded3303f197ff86579e82ec4d08df1fdbbcd51b03af5a98edf1c"",""source_pack"":""Tianxia_Factory_HF05ZVK_R1H_Phase2I_HF2"",""source_path"":""09_RULES/Source_Text/Tianxia_PHB_Backgrounds_v2_BOOK_CLEAN_ORIGIN_RECONCILED_v0_6.md"",""source_version"":""HF05ZVK-R1H Phase 2I HF2 / Canon Corpus P2A""}",5d7d47c854aa94071edd97e42a21daa4fb2360d9551152b85cceb93a8f1d9dc6
tianxia.background_talent.brute.focused_might,Focused Might (Brute),tianxia.sphere.brute,Brute,true,false,BACKGROUND_ORIGIN_ONLY,background-talent-selection,**Brute Sphere.** You gain the Brute sphere and the **Focused Might** talent.,"{""source_anchor"":""heading:background-spheres-and-talents"",""source_authority_sha256"":""4daf167cf634f27efef4dd2f1c8700bb4b7037cc6234c32be1af90aea5916385"",""source_file_sha256"":""e5e8203907dbded3303f197ff86579e82ec4d08df1fdbbcd51b03af5a98edf1c"",""source_pack"":""Tianxia_Factory_HF05ZVK_R1H_Phase2I_HF2"",""source_path"":""09_RULES/Source_Text/Tianxia_PHB_Backgrounds_v2_BOOK_CLEAN_ORIGIN_RECONCILED_v0_6.md"",""source_version"":""HF05ZVK-R1H Phase 2I HF2 / Canon Corpus P2A""}",320d7bdfb6ff7585b350f02fe799a24768a78b54a66646f3f0b9a026123a71ec
tianxia.background_talent.dark.blindfold,Blindfold (Dark),tianxia.sphere.dark,Dark,true,false,BACKGROUND_ORIGIN_ONLY,background-talent-selection,**Blindfold**,"{""source_anchor"":""heading:background-spheres-and-talents"",""source_authority_sha256"":""4daf167cf634f27efef4dd2f1c8700bb4b7037cc6234c32be1af90aea5916385"",""source_file_sha256"":""e5e8203907dbded3303f197ff86579e82ec4d08df1fdbbcd51b03af5a98edf1c"",""source_pack"":""Tianxia_Factory_HF05ZVK_R1H_Phase2I_HF2"",""source_path"":""09_RULES/Source_Text/Tianxia_PHB_Backgrounds_v2_BOOK_CLEAN_ORIGIN_RECONCILED_v0_6.md"",""source_version"":""HF05ZVK-R1H Phase 2I HF2 / Canon Corpus P2A""}",0eb65ec9bca8e72939794855392d3000d2ac33dcefd93113176fadfc4bd26382
tianxia.background_talent.dark.hide_in_darkness,Hide in Darkness (Dark),tianxia.sphere.dark,Dark,true,false,BACKGROUND_ORIGIN_ONLY,background-talent-selection,**Hide in Darkness**,"{""source_anchor"":""heading:background-spheres-and-talents"",""source_authority_sha256"":""4daf167cf634f27efef4dd2f1c8700bb4b7037cc6234c32be1af90aea5916385"",""source_file_sha256"":""e5e8203907dbded3303f197ff86579e82ec4d08df1fdbbcd51b03af5a98edf1c"",""source_pack"":""Tianxia_Factory_HF05ZVK_R1H_Phase2I_HF2"",""source_path"":""09_RULES/Source_Text/Tianxia_PHB_Backgrounds_v2_BOOK_CLEAN_ORIGIN_RECONCILED_v0_6.md"",""source_version"":""HF05ZVK-R1H Phase 2I HF2 / Canon Corpus P2A""}",a5b58ec56f3522441419fe33581f1be082e1cbe4133f9291813359d7d9f5f1e5
tianxia.background_talent.dark.shadowed_mien,Shadowed Mien (Dark),tianxia.sphere.dark,Dark,true,false,BACKGROUND_ORIGIN_ONLY,background-talent-selection,**Shadowed Mien**,"{""source_anchor"":""heading:background-spheres-and-talents"",""source_authority_sha256"":""4daf167cf634f27efef4dd2f1c8700bb4b7037cc6234c32be1af90aea5916385"",""source_file_sha256"":""e5e8203907dbded3303f197ff86579e82ec4d08df1fdbbcd51b03af5a98edf1c"",""source_pack"":""Tianxia_Factory_HF05ZVK_R1H_Phase2I_HF2"",""source_path"":""09_RULES/Source_Text/Tianxia_PHB_Backgrounds_v2_BOOK_CLEAN_ORIGIN_RECONCILED_v0_6.md"",""source_version"":""HF05ZVK-R1H Phase 2I HF2 / Canon Corpus P2A""}",e86cd8d40c020861d658d5ee3365cbfd93419e1a6c2bf1cd2ab4fcb717f47a04
tianxia.background_talent.dreams.dream_ward,Dream Ward (Dreams),tianxia.sphere.dreams,Dreams,true,false,BACKGROUND_ORIGIN_ONLY,background-talent-selection,**Dream Ward**,"{""source_anchor"":""heading:background-spheres-and-talents"",""source_authority_sha256"":""4daf167cf634f27efef4dd2f1c8700bb4b7037cc6234c32be1af90aea5916385"",""source_file_sha256"":""e5e8203907dbded3303f197ff86579e82ec4d08df1fdbbcd51b03af5a98edf1c"",""source_pack"":""Tianxia_Factory_HF05ZVK_R1H_Phase2I_HF2"",""source_path"":""09_RULES/Source_Text/Tianxia_PHB_Backgrounds_v2_BOOK_CLEAN_ORIGIN_RECONCILED_v0_6.md"",""source_version"":""HF05ZVK-R1H Phase 2I HF2 / Canon Corpus P2A""}",5a07ec1a3e9228a474c8564ce5fa0837e48fce7c0e6e7170482c88a560028bd1
tianxia.background_talent.dreams.dream_whisper,Dream Whisper (Dreams),tianxia.sphere.dreams,Dreams,true,false,BACKGROUND_ORIGIN_ONLY,background-talent-selection,**Dream Whisper**,"{""source_anchor"":""heading:background-spheres-and-talents"",""source_authority_sha256"":""4daf167cf634f27efef4dd2f1c8700bb4b7037cc6234c32be1af90aea5916385"",""source_file_sha256"":""e5e8203907dbded3303f197ff86579e82ec4d08df1fdbbcd51b03af5a98edf1c"",""source_pack"":""Tianxia_Factory_HF05ZVK_R1H_Phase2I_HF2"",""source_path"":""09_RULES/Source_Text/Tianxia_PHB_Backgrounds_v2_BOOK_CLEAN_ORIGIN_RECONCILED_v0_6.md"",""source_version"":""HF05ZVK-R1H Phase 2I HF2 / Canon Corpus P2A""}",ace68c073f8596a7ac16413fcfeb0bf435287a72dcb9565f5a0bab370a19e87c
tianxia.background_talent.dreams.shared_dream,Shared Dream (Dreams),tianxia.sphere.dreams,Dreams,true,false,BACKGROUND_ORIGIN_ONLY,background-talent-selection,**Shared Dream**,"{""source_anchor"":""heading:background-spheres-and-talents"",""source_authority_sha256"":""4daf167cf634f27efef4dd2f1c8700bb4b7037cc6234c32be1af90aea5916385"",""source_file_sha256"":""e5e8203907dbded3303f197ff86579e82ec4d08df1fdbbcd51b03af5a98edf1c"",""source_pack"":""Tianxia_Factory_HF05ZVK_R1H_Phase2I_HF2"",""source_path"":""09_RULES/Source_Text/Tianxia_PHB_Backgrounds_v2_BOOK_CLEAN_ORIGIN_RECONCILED_v0_6.md"",""source_version"":""HF05ZVK-R1H Phase 2I HF2 / Canon Corpus P2A""}",480bbfbcb01a1b2c34abfaee2cc159f51d2dd331eb3ffd01ccbb3c982b1958ca
tianxia.background_talent.equipment.armor_training,Armor Training (Equipment),tianxia.sphere.equipment,Equipment,true,false,BACKGROUND_ORIGIN_ONLY,background-talent-selection,**Equipment Sphere.** You gain the Equipment sphere and the **Armor Training** talent.,"{""source_anchor"":""heading:background-spheres-and-talents"",""source_authority_sha256"":""4daf167cf634f27efef4dd2f1c8700bb4b7037cc6234c32be1af90aea5916385"",""source_file_sha256"":""e5e8203907dbded3303f197ff86579e82ec4d08df1fdbbcd51b03af5a98edf1c"",""source_pack"":""Tianxia_Factory_HF05ZVK_R1H_Phase2I_HF2"",""source_path"":""09_RULES/Source_Text/Tianxia_PHB_Backgrounds_v2_BOOK_CLEAN_ORIGIN_RECONCILED_v0_6.md"",""source_version"":""HF05ZVK-R1H Phase 2I HF2 / Canon Corpus P2A""}",68a0bcfa782ffb742b60044e7ed6f8053948eb11c2fb75fa4c8071288beb7b4c
tianxia.background_talent.equipment.field_maintenance,Field Maintenance (Equipment),tianxia.sphere.equipment,Equipment,true,false,BACKGROUND_ORIGIN_ONLY,background-talent-selection,**Equipment Sphere.** You gain the Equipment sphere and the **Field Maintenance** talent.,"{""source_anchor"":""heading:background-spheres-and-talents"",""source_authority_sha256"":""4daf167cf634f27efef4dd2f1c8700bb4b7037cc6234c32be1af90aea5916385"",""source_file_sha256"":""e5e8203907dbded3303f197ff86579e82ec4d08df1fdbbcd51b03af5a98edf1c"",""source_pack"":""Tianxia_Factory_HF05ZVK_R1H_Phase2I_HF2"",""source_path"":""09_RULES/Source_Text/Tianxia_PHB_Backgrounds_v2_BOOK_CLEAN_ORIGIN_RECONCILED_v0_6.md"",""source_version"":""HF05ZVK-R1H Phase 2I HF2 / Canon Corpus P2A""}",a662af8c89484fe7734ae5b2e1969fc469d5636e06f0687dc7313afcffa9bfd0
tianxia.background_talent.equipment.hidden_plates,Hidden Plates (Equipment),tianxia.sphere.equipment,Equipment,true,false,BACKGROUND_ORIGIN_ONLY,background-talent-selection,**Equipment Sphere.** You gain the Equipment sphere and the **Hidden Plates** talent.,"{""source_anchor"":""heading:background-spheres-and-talents"",""source_authority_sha256"":""4daf167cf634f27efef4dd2f1c8700bb4b7037cc6234c32be1af90aea5916385"",""source_file_sha256"":""e5e8203907dbded3303f197ff86579e82ec4d08df1fdbbcd51b03af5a98edf1c"",""source_pack"":""Tianxia_Factory_HF05ZVK_R1H_Phase2I_HF2"",""source_path"":""09_RULES/Source_Text/Tianxia_PHB_Backgrounds_v2_BOOK_CLEAN_ORIGIN_RECONCILED_v0_6.md"",""source_version"":""HF05ZVK-R1H Phase 2I HF2 / Canon Corpus P2A""}",01eb84efb4ad2432efbc7095b80f3bb04c9cd6dcf5785662005b4838d4ba6149
tianxia.background_talent.equipment.padded_layers,Padded Layers (Equipment),tianxia.sphere.equipment,Equipment,true,false,BACKGROUND_ORIGIN_ONLY,background-talent-selection,**Equipment Sphere.** You gain the Equipment sphere and the **Padded Layers** talent.,"{""source_anchor"":""heading:background-spheres-and-talents"",""source_authority_sha256"":""4daf167cf634f27efef4dd2f1c8700bb4b7037cc6234c32be1af90aea5916385"",""source_file_sha256"":""e5e8203907dbded3303f197ff86579e82ec4d08df1fdbbcd51b03af5a98edf1c"",""source_pack"":""Tianxia_Factory_HF05ZVK_R1H_Phase2I_HF2"",""source_path"":""09_RULES/Source_Text/Tianxia_PHB_Backgrounds_v2_BOOK_CLEAN_ORIGIN_RECONCILED_v0_6.md"",""source_version"":""HF05ZVK-R1H Phase 2I HF2 / Canon Corpus P2A""}",08367fbc6452bbe41ca19cd2b6efa084f750d958e3396e2a4a9b18c3b15d4ddb
tianxia.background_talent.equipment.reinforced_robes,Reinforced Robes (Equipment),tianxia.sphere.equipment,Equipment,true,false,BACKGROUND_ORIGIN_ONLY,background-talent-selection,**Equipment Sphere.** You gain the Equipment sphere and the **Reinforced Robes** talent.,"{""source_anchor"":""heading:background-spheres-and-talents"",""source_authority_sha256"":""4daf167cf634f27efef4dd2f1c8700bb4b7037cc6234c32be1af90aea5916385"",""source_file_sha256"":""e5e8203907dbded3303f197ff86579e82ec4d08df1fdbbcd51b03af5a98edf1c"",""source_pack"":""Tianxia_Factory_HF05ZVK_R1H_Phase2I_HF2"",""source_path"":""09_RULES/Source_Text/Tianxia_PHB_Backgrounds_v2_BOOK_CLEAN_ORIGIN_RECONCILED_v0_6.md"",""source_version"":""HF05ZVK-R1H Phase 2I HF2 / Canon Corpus P2A""}",1e7777832bb6a39904fa3e8c294c3732d9d891db858dd73f5bbd7a2d559b51d1
tianxia.background_talent.equipment.shield_training,Shield Training (Equipment),tianxia.sphere.equipment,Equipment,true,false,BACKGROUND_ORIGIN_ONLY,background-talent-selection,**Equipment Sphere.** You gain the Equipment sphere and the **Shield Training** talent.,"{""source_anchor"":""heading:background-spheres-and-talents"",""source_authority_sha256"":""4daf167cf634f27efef4dd2f1c8700bb4b7037cc6234c32be1af90aea5916385"",""source_file_sha256"":""e5e8203907dbded3303f197ff86579e82ec4d08df1fdbbcd51b03af5a98edf1c"",""source_pack"":""Tianxia_Factory_HF05ZVK_R1H_Phase2I_HF2"",""source_path"":""09_RULES/Source_Text/Tianxia_PHB_Backgrounds_v2_BOOK_CLEAN_ORIGIN_RECONCILED_v0_6.md"",""source_version"":""HF05ZVK-R1H Phase 2I HF2 / Canon Corpus P2A""}",f3a3b5f639a95a0f591b63a868330e7781f7debd684b3d6a25d7f9d8f0fa9207
tianxia.background_talent.equipment.sleep_in_armor,Sleep in Armor (Equipment),tianxia.sphere.equipment,Equipment,true,false,BACKGROUND_ORIGIN_ONLY,background-talent-selection,**Equipment Sphere.** You gain the Equipment sphere and the **Sleep in Armor** talent.,"{""source_anchor"":""heading:background-spheres-and-talents"",""source_authority_sha256"":""4daf167cf634f27efef4dd2f1c8700bb4b7037cc6234c32be1af90aea5916385"",""source_file_sha256"":""e5e8203907dbded3303f197ff86579e82ec4d08df1fdbbcd51b03af5a98edf1c"",""source_pack"":""Tianxia_Factory_HF05ZVK_R1H_Phase2I_HF2"",""source_path"":""09_RULES/Source_Text/Tianxia_PHB_Backgrounds_v2_BOOK_CLEAN_ORIGIN_RECONCILED_v0_6.md"",""source_version"":""HF05ZVK-R1H Phase 2I HF2 / Canon Corpus P2A""}",b5f23bbdd84312fd209a4b32c0ba7f804485a9966a5d1144c54986b8e7394817
tianxia.background_talent.flowing_river.empty_step,Empty Step (Flowing River),tianxia.sphere.flowing_river,Flowing River,true,false,BACKGROUND_ORIGIN_ONLY,background-talent-selection,**Flowing River Sphere.** You gain the Flowing River sphere and the **Empty Step** talent.,"{""source_anchor"":""heading:background-spheres-and-talents"",""source_authority_sha256"":""4daf167cf634f27efef4dd2f1c8700bb4b7037cc6234c32be1af90aea5916385"",""source_file_sha256"":""e5e8203907dbded3303f197ff86579e82ec4d08df1fdbbcd51b03af5a98edf1c"",""source_pack"":""Tianxia_Factory_HF05ZVK_R1H_Phase2I_HF2"",""source_path"":""09_RULES/Source_Text/Tianxia_PHB_Backgrounds_v2_BOOK_CLEAN_ORIGIN_RECONCILED_v0_6.md"",""source_version"":""HF05ZVK-R1H Phase 2I HF2 / Canon Corpus P2A""}",02b03bd23fb41acf4554b754196b812a2b65832433f104c1eaf1b3e969839faa
tianxia.background_talent.flowing_river.patient_water,Patient Water (Flowing River),tianxia.sphere.flowing_river,Flowing River,true,false,BACKGROUND_ORIGIN_ONLY,background-talent-selection,**Flowing River Sphere.** You gain the Flowing River sphere and the **Patient Water** talent.,"{""source_anchor"":""heading:background-spheres-and-talents"",""source_authority_sha256"":""4daf167cf634f27efef4dd2f1c8700bb4b7037cc6234c32be1af90aea5916385"",""source_file_sha256"":""e5e8203907dbded3303f197ff86579e82ec4d08df1fdbbcd51b03af5a98edf1c"",""source_pack"":""Tianxia_Factory_HF05ZVK_R1H_Phase2I_HF2"",""source_path"":""09_RULES/Source_Text/Tianxia_PHB_Backgrounds_v2_BOOK_CLEAN_ORIGIN_RECONCILED_v0_6.md"",""source_version"":""HF05ZVK-R1H Phase 2I HF2 / Canon Corpus P2A""}",352240d4c5b82ee4bb538cd84c11df79570db640b842c142db7167fe8f0b9f45
tianxia.background_talent.flowing_river.reed_in_storm,Reed in Storm (Flowing River),tianxia.sphere.flowing_river,Flowing River,true,false,BACKGROUND_ORIGIN_ONLY,background-talent-selection,**Flowing River Sphere.** You gain the Flowing River sphere and the **Reed in Storm** talent.,"{""source_anchor"":""heading:background-spheres-and-talents"",""source_authority_sha256"":""4daf167cf634f27efef4dd2f1c8700bb4b7037cc6234c32be1af90aea5916385"",""source_file_sha256"":""e5e8203907dbded3303f197ff86579e82ec4d08df1fdbbcd51b03af5a98edf1c"",""source_pack"":""Tianxia_Factory_HF05ZVK_R1H_Phase2I_HF2"",""source_path"":""09_RULES/Source_Text/Tianxia_PHB_Backgrounds_v2_BOOK_CLEAN_ORIGIN_RECONCILED_v0_6.md"",""source_version"":""HF05ZVK-R1H Phase 2I HF2 / Canon Corpus P2A""}",f6cd1fc420b06c6be7822bfb79a59df676dd63192f4fc794bd608236fadf841e
tianxia.background_talent.harvesting_and_gathering.camp_gatherer,Camp Gatherer (Harvesting and Gathering),null,Harvesting and Gathering,true,false,BACKGROUND_ORIGIN_ONLY,background-talent-selection,**Harvesting and Gathering Sphere.** You gain the Harvesting and Gathering sphere and the **Camp Gatherer** talent.,"{""source_anchor"":""heading:background-spheres-and-talents"",""source_authority_sha256"":""4daf167cf634f27efef4dd2f1c8700bb4b7037cc6234c32be1af90aea5916385"",""source_file_sha256"":""e5e8203907dbded3303f197ff86579e82ec4d08df1fdbbcd51b03af5a98edf1c"",""source_pack"":""Tianxia_Factory_HF05ZVK_R1H_Phase2I_HF2"",""source_path"":""09_RULES/Source_Text/Tianxia_PHB_Backgrounds_v2_BOOK_CLEAN_ORIGIN_RECONCILED_v0_6.md"",""source_version"":""HF05ZVK-R1H Phase 2I HF2 / Canon Corpus P2A""}",1b9e035de96d2fe92abafb4c29df863d76c716c833a33ad807eb0dfa05ba79d4
tianxia.background_talent.harvesting_and_gathering.common_herbcraft,Common Herbcraft (Harvesting and Gathering),null,Harvesting and Gathering,true,false,BACKGROUND_ORIGIN_ONLY,background-talent-selection,**Harvesting and Gathering Sphere.** You gain the Harvesting and Gathering sphere and the **Common Herbcraft** talent.,"{""source_anchor"":""heading:background-spheres-and-talents"",""source_authority_sha256"":""4daf167cf634f27efef4dd2f1c8700bb4b7037cc6234c32be1af90aea5916385"",""source_file_sha256"":""e5e8203907dbded3303f197ff86579e82ec4d08df1fdbbcd51b03af5a98edf1c"",""source_pack"":""Tianxia_Factory_HF05ZVK_R1H_Phase2I_HF2"",""source_path"":""09_RULES/Source_Text/Tianxia_PHB_Backgrounds_v2_BOOK_CLEAN_ORIGIN_RECONCILED_v0_6.md"",""source_version"":""HF05ZVK-R1H Phase 2I HF2 / Canon Corpus P2A""}",fb08eeedd969386ada399482ed1ad4af552b15cdb267ab279927f3fca2351f43
tianxia.background_talent.harvesting_and_gathering.drying_shed_method,Drying Shed Method (Harvesting and Gathering),null,Harvesting and Gathering,true,false,BACKGROUND_ORIGIN_ONLY,background-talent-selection,**Harvesting and Gathering Sphere.** You gain the Harvesting and Gathering sphere and the **Drying Shed Method** talent.,"{""source_anchor"":""heading:background-spheres-and-talents"",""source_authority_sha256"":""4daf167cf634f27efef4dd2f1c8700bb4b7037cc6234c32be1af90aea5916385"",""source_file_sha256"":""e5e8203907dbded3303f197ff86579e82ec4d08df1fdbbcd51b03af5a98edf1c"",""source_pack"":""Tianxia_Factory_HF05ZVK_R1H_Phase2I_HF2"",""source_path"":""09_RULES/Source_Text/Tianxia_PHB_Backgrounds_v2_BOOK_CLEAN_ORIGIN_RECONCILED_v0_6.md"",""source_version"":""HF05ZVK-R1H Phase 2I HF2 / Canon Corpus P2A""}",331a29a612e1aa5ea97189a5d92f682fb9ca3b51d1febecddb232114e24b5c77
tianxia.background_talent.harvesting_and_gathering.farmer_s_eye,Farmer’s Eye (Harvesting and Gathering),null,Harvesting and Gathering,true,false,BACKGROUND_ORIGIN_ONLY,background-talent-selection,**Harvesting and Gathering Sphere.** You gain the Harvesting and Gathering sphere and the **Farmer’s Eye** talent.,"{""source_anchor"":""heading:background-spheres-and-talents"",""source_authority_sha256"":""4daf167cf634f27efef4dd2f1c8700bb4b7037cc6234c32be1af90aea5916385"",""source_file_sha256"":""e5e8203907dbded3303f197ff86579e82ec4d08df1fdbbcd51b03af5a98edf1c"",""source_pack"":""Tianxia_Factory_HF05ZVK_R1H_Phase2I_HF2"",""source_path"":""09_RULES/Source_Text/Tianxia_PHB_Backgrounds_v2_BOOK_CLEAN_ORIGIN_RECONCILED_v0_6.md"",""source_version"":""HF05ZVK-R1H Phase 2I HF2 / Canon Corpus P2A""}",8baee02c94ff448d25b455245ed4f519d4096ad35405f2fb0d7f6f54357e6fb7
tianxia.background_talent.ink.binding_script,Binding Script (Ink),tianxia.sphere.ink,Ink,true,false,BACKGROUND_ORIGIN_ONLY,background-talent-selection,**Ink Sphere.** You gain the Ink sphere and the **Binding Script** talent.,"{""source_anchor"":""heading:background-spheres-and-talents"",""source_authority_sha256"":""4daf167cf634f27efef4dd2f1c8700bb4b7037cc6234c32be1af90aea5916385"",""source_file_sha256"":""e5e8203907dbded3303f197ff86579e82ec4d08df1fdbbcd51b03af5a98edf1c"",""source_pack"":""Tianxia_Factory_HF05ZVK_R1H_Phase2I_HF2"",""source_path"":""09_RULES/Source_Text/Tianxia_PHB_Backgrounds_v2_BOOK_CLEAN_ORIGIN_RECONCILED_v0_6.md"",""source_version"":""HF05ZVK-R1H Phase 2I HF2 / Canon Corpus P2A""}",f9906320df3bf3f943fa63a656664cd388f06d583a58dc1e98192d5513ba58a6
tianxia.background_talent.ink.concealing_script,Concealing Script (Ink),tianxia.sphere.ink,Ink,true,false,BACKGROUND_ORIGIN_ONLY,background-talent-selection,**Ink Sphere.** You gain the Ink sphere and the **Concealing Script** talent.,"{""source_anchor"":""heading:background-spheres-and-talents"",""source_authority_sha256"":""4daf167cf634f27efef4dd2f1c8700bb4b7037cc6234c32be1af90aea5916385"",""source_file_sha256"":""e5e8203907dbded3303f197ff86579e82ec4d08df1fdbbcd51b03af5a98edf1c"",""source_pack"":""Tianxia_Factory_HF05ZVK_R1H_Phase2I_HF2"",""source_path"":""09_RULES/Source_Text/Tianxia_PHB_Backgrounds_v2_BOOK_CLEAN_ORIGIN_RECONCILED_v0_6.md"",""source_version"":""HF05ZVK-R1H Phase 2I HF2 / Canon Corpus P2A""}",bcb3ce95e2a64943049561ed01d277fd5bb40bd8b6ccfdfeea4e76af284f00d6
tianxia.background_talent.ink.revealing_script,Revealing Script (Ink),tianxia.sphere.ink,Ink,true,false,BACKGROUND_ORIGIN_ONLY,background-talent-selection,**Ink Sphere.** You gain the Ink sphere and the **Revealing Script** talent.,"{""source_anchor"":""heading:background-spheres-and-talents"",""source_authority_sha256"":""4daf167cf634f27efef4dd2f1c8700bb4b7037cc6234c32be1af90aea5916385"",""source_file_sha256"":""e5e8203907dbded3303f197ff86579e82ec4d08df1fdbbcd51b03af5a98edf1c"",""source_pack"":""Tianxia_Factory_HF05ZVK_R1H_Phase2I_HF2"",""source_path"":""09_RULES/Source_Text/Tianxia_PHB_Backgrounds_v2_BOOK_CLEAN_ORIGIN_RECONCILED_v0_6.md"",""source_version"":""HF05ZVK-R1H Phase 2I HF2 / Canon Corpus P2A""}",14629e41ac2afc3160a24e02a45f25a070506b182176977b2c6c81a46b413e12
tianxia.background_talent.ink.vermilion_correction,Vermilion Correction (Ink),tianxia.sphere.ink,Ink,true,false,BACKGROUND_ORIGIN_ONLY,background-talent-selection,**Ink Sphere.** You gain the Ink sphere and the **Vermilion Correction** talent.,"{""source_anchor"":""heading:background-spheres-and-talents"",""source_authority_sha256"":""4daf167cf634f27efef4dd2f1c8700bb4b7037cc6234c32be1af90aea5916385"",""source_file_sha256"":""e5e8203907dbded3303f197ff86579e82ec4d08df1fdbbcd51b03af5a98edf1c"",""source_pack"":""Tianxia_Factory_HF05ZVK_R1H_Phase2I_HF2"",""source_path"":""09_RULES/Source_Text/Tianxia_PHB_Backgrounds_v2_BOOK_CLEAN_ORIGIN_RECONCILED_v0_6.md"",""source_version"":""HF05ZVK-R1H Phase 2I HF2 / Canon Corpus P2A""}",81a14e44f3cc93aed6626d4146732f1541cc284b93b647f6f123c3560185c929
tianxia.background_talent.ink.wet_ink_warning,Wet Ink Warning (Ink),tianxia.sphere.ink,Ink,true,false,BACKGROUND_ORIGIN_ONLY,background-talent-selection,**Ink Sphere.** You gain the Ink sphere and the **Wet Ink Warning** talent.,"{""source_anchor"":""heading:background-spheres-and-talents"",""source_authority_sha256"":""4daf167cf634f27efef4dd2f1c8700bb4b7037cc6234c32be1af90aea5916385"",""source_file_sha256"":""e5e8203907dbded3303f197ff86579e82ec4d08df1fdbbcd51b03af5a98edf1c"",""source_pack"":""Tianxia_Factory_HF05ZVK_R1H_Phase2I_HF2"",""source_path"":""09_RULES/Source_Text/Tianxia_PHB_Backgrounds_v2_BOOK_CLEAN_ORIGIN_RECONCILED_v0_6.md"",""source_version"":""HF05ZVK-R1H Phase 2I HF2 / Canon Corpus P2A""}",a873d27b3ee2586abe8ae861a6adb433da7bff9f5fb48c85f6f52be306d496a9
tianxia.background_talent.iron_fist.focusing_breath,Focusing Breath (Iron Fist),tianxia.sphere.iron_fist,Iron Fist,true,false,BACKGROUND_ORIGIN_ONLY,background-talent-selection,**Iron Fist Sphere.** You gain the Iron Fist sphere and the **Focusing Breath** talent.,"{""source_anchor"":""heading:background-spheres-and-talents"",""source_authority_sha256"":""4daf167cf634f27efef4dd2f1c8700bb4b7037cc6234c32be1af90aea5916385"",""source_file_sha256"":""e5e8203907dbded3303f197ff86579e82ec4d08df1fdbbcd51b03af5a98edf1c"",""source_pack"":""Tianxia_Factory_HF05ZVK_R1H_Phase2I_HF2"",""source_path"":""09_RULES/Source_Text/Tianxia_PHB_Backgrounds_v2_BOOK_CLEAN_ORIGIN_RECONCILED_v0_6.md"",""source_version"":""HF05ZVK-R1H Phase 2I HF2 / Canon Corpus P2A""}",b96f760a9658ca0d54346807153d2135fc16c1abf9b78658bd6446b9d4e28ff0
tianxia.background_talent.iron_fist.merciful_hand,Merciful Hand (Iron Fist),tianxia.sphere.iron_fist,Iron Fist,true,false,BACKGROUND_ORIGIN_ONLY,background-talent-selection,**Iron Fist Sphere.** You gain the Iron Fist sphere and the **Merciful Hand** talent.,"{""source_anchor"":""heading:background-spheres-and-talents"",""source_authority_sha256"":""4daf167cf634f27efef4dd2f1c8700bb4b7037cc6234c32be1af90aea5916385"",""source_file_sha256"":""e5e8203907dbded3303f197ff86579e82ec4d08df1fdbbcd51b03af5a98edf1c"",""source_pack"":""Tianxia_Factory_HF05ZVK_R1H_Phase2I_HF2"",""source_path"":""09_RULES/Source_Text/Tianxia_PHB_Backgrounds_v2_BOOK_CLEAN_ORIGIN_RECONCILED_v0_6.md"",""source_version"":""HF05ZVK-R1H Phase 2I HF2 / Canon Corpus P2A""}",e684220b1c30ee5e551c1b7a04f9bdf6502d13ffd7e40ee2953421bfecc803ee
tianxia.background_talent.jester.false_opening,False Opening (Jester),tianxia.sphere.jester,Jester,true,false,BACKGROUND_ORIGIN_ONLY,background-talent-selection,**Jester Sphere.** You gain the Jester sphere and the **False Opening** talent.,"{""source_anchor"":""heading:background-spheres-and-talents"",""source_authority_sha256"":""4daf167cf634f27efef4dd2f1c8700bb4b7037cc6234c32be1af90aea5916385"",""source_file_sha256"":""e5e8203907dbded3303f197ff86579e82ec4d08df1fdbbcd51b03af5a98edf1c"",""source_pack"":""Tianxia_Factory_HF05ZVK_R1H_Phase2I_HF2"",""source_path"":""09_RULES/Source_Text/Tianxia_PHB_Backgrounds_v2_BOOK_CLEAN_ORIGIN_RECONCILED_v0_6.md"",""source_version"":""HF05ZVK-R1H Phase 2I HF2 / Canon Corpus P2A""}",57a197ca2cced870825e00f6fe15d7bb2808259bf86476df1b72d1a6e3089d4a
tianxia.background_talent.karma.witness_seal,Witness Seal (Karma),tianxia.sphere.karma,Karma,true,false,BACKGROUND_ORIGIN_ONLY,background-talent-selection,**Karma Sphere.** You gain the Karma sphere in a dormant form and the **Witness Seal** talent.,"{""source_anchor"":""heading:background-spheres-and-talents"",""source_authority_sha256"":""4daf167cf634f27efef4dd2f1c8700bb4b7037cc6234c32be1af90aea5916385"",""source_file_sha256"":""e5e8203907dbded3303f197ff86579e82ec4d08df1fdbbcd51b03af5a98edf1c"",""source_pack"":""Tianxia_Factory_HF05ZVK_R1H_Phase2I_HF2"",""source_path"":""09_RULES/Source_Text/Tianxia_PHB_Backgrounds_v2_BOOK_CLEAN_ORIGIN_RECONCILED_v0_6.md"",""source_version"":""HF05ZVK-R1H Phase 2I HF2 / Canon Corpus P2A""}",33c3a4736d660053d5331e6bd8359b062f975a96b0aeafccebe59eccb5254c85
tianxia.background_talent.life.clear_physician_s_eye,Clear Physician’s Eye (Life),tianxia.sphere.life,Life,true,false,BACKGROUND_ORIGIN_ONLY,background-talent-selection,**Life Sphere.** You gain the Life sphere and the **Clear Physician’s Eye** talent.,"{""source_anchor"":""heading:background-spheres-and-talents"",""source_authority_sha256"":""4daf167cf634f27efef4dd2f1c8700bb4b7037cc6234c32be1af90aea5916385"",""source_file_sha256"":""e5e8203907dbded3303f197ff86579e82ec4d08df1fdbbcd51b03af5a98edf1c"",""source_pack"":""Tianxia_Factory_HF05ZVK_R1H_Phase2I_HF2"",""source_path"":""09_RULES/Source_Text/Tianxia_PHB_Backgrounds_v2_BOOK_CLEAN_ORIGIN_RECONCILED_v0_6.md"",""source_version"":""HF05ZVK-R1H Phase 2I HF2 / Canon Corpus P2A""}",42813f63cb5bf774d300b0d3ab6c0126e8d2ecf7a83f642112109e775de5157b
tianxia.background_talent.music.captivating_melody,Captivating Melody (Music),tianxia.sphere.music,Music,true,false,BACKGROUND_ORIGIN_ONLY,background-talent-selection,**Music Sphere.** You gain the Music sphere and the **Captivating Melody** talent.,"{""source_anchor"":""heading:background-spheres-and-talents"",""source_authority_sha256"":""4daf167cf634f27efef4dd2f1c8700bb4b7037cc6234c32be1af90aea5916385"",""source_file_sha256"":""e5e8203907dbded3303f197ff86579e82ec4d08df1fdbbcd51b03af5a98edf1c"",""source_pack"":""Tianxia_Factory_HF05ZVK_R1H_Phase2I_HF2"",""source_path"":""09_RULES/Source_Text/Tianxia_PHB_Backgrounds_v2_BOOK_CLEAN_ORIGIN_RECONCILED_v0_6.md"",""source_version"":""HF05ZVK-R1H Phase 2I HF2 / Canon Corpus P2A""}",aba81ae6151248a2095a5ad3235773a1edd1e61850b3e8f3b3c6f73160cbcf82
tianxia.background_talent.poison.poison_sense,Poison Sense (Poison),tianxia.sphere.poison,Poison,true,false,BACKGROUND_ORIGIN_ONLY,background-talent-selection,**Poison Sphere.** You gain the Poison sphere and the **Poison Sense** talent.,"{""source_anchor"":""heading:background-spheres-and-talents"",""source_authority_sha256"":""4daf167cf634f27efef4dd2f1c8700bb4b7037cc6234c32be1af90aea5916385"",""source_file_sha256"":""e5e8203907dbded3303f197ff86579e82ec4d08df1fdbbcd51b03af5a98edf1c"",""source_pack"":""Tianxia_Factory_HF05ZVK_R1H_Phase2I_HF2"",""source_path"":""09_RULES/Source_Text/Tianxia_PHB_Backgrounds_v2_BOOK_CLEAN_ORIGIN_RECONCILED_v0_6.md"",""source_version"":""HF05ZVK-R1H Phase 2I HF2 / Canon Corpus P2A""}",759c5ecd16950cfa9dead128b153adc32e4b863a292184efbaafd2b464f11011
tianxia.background_talent.protection.ward,Ward (Protection),tianxia.sphere.protection,Protection,true,false,BACKGROUND_ORIGIN_ONLY,background-talent-selection,**Protection Sphere.** You gain the Protection sphere and the **Ward** talent.,"{""source_anchor"":""heading:background-spheres-and-talents"",""source_authority_sha256"":""4daf167cf634f27efef4dd2f1c8700bb4b7037cc6234c32be1af90aea5916385"",""source_file_sha256"":""e5e8203907dbded3303f197ff86579e82ec4d08df1fdbbcd51b03af5a98edf1c"",""source_pack"":""Tianxia_Factory_HF05ZVK_R1H_Phase2I_HF2"",""source_path"":""09_RULES/Source_Text/Tianxia_PHB_Backgrounds_v2_BOOK_CLEAN_ORIGIN_RECONCILED_v0_6.md"",""source_version"":""HF05ZVK-R1H Phase 2I HF2 / Canon Corpus P2A""}",431a67bdad19bf08c79256d118bed521721870048a8d5e5a948a889ecd1dfa8d
tianxia.background_talent.puppetry.hidden_thread,Hidden Thread (Puppetry),tianxia.sphere.puppetry,Puppetry,true,false,BACKGROUND_ORIGIN_ONLY,background-talent-selection,**Puppetry Sphere.** You gain the Puppetry sphere and the **Hidden Thread** talent.,"{""source_anchor"":""heading:background-spheres-and-talents"",""source_authority_sha256"":""4daf167cf634f27efef4dd2f1c8700bb4b7037cc6234c32be1af90aea5916385"",""source_file_sha256"":""e5e8203907dbded3303f197ff86579e82ec4d08df1fdbbcd51b03af5a98edf1c"",""source_pack"":""Tianxia_Factory_HF05ZVK_R1H_Phase2I_HF2"",""source_path"":""09_RULES/Source_Text/Tianxia_PHB_Backgrounds_v2_BOOK_CLEAN_ORIGIN_RECONCILED_v0_6.md"",""source_version"":""HF05ZVK-R1H Phase 2I HF2 / Canon Corpus P2A""}",473c740dcc21bf007122e121485bd0d8bee92e11f2d96c63327b244cc7f7dec4
tianxia.background_talent.puppetry.little_servant_s_errand,Little Servant’s Errand (Puppetry),tianxia.sphere.puppetry,Puppetry,true,false,BACKGROUND_ORIGIN_ONLY,background-talent-selection,**Puppetry Sphere.** You gain the Puppetry sphere and the **Little Servant’s Errand** talent.,"{""source_anchor"":""heading:background-spheres-and-talents"",""source_authority_sha256"":""4daf167cf634f27efef4dd2f1c8700bb4b7037cc6234c32be1af90aea5916385"",""source_file_sha256"":""e5e8203907dbded3303f197ff86579e82ec4d08df1fdbbcd51b03af5a98edf1c"",""source_pack"":""Tianxia_Factory_HF05ZVK_R1H_Phase2I_HF2"",""source_path"":""09_RULES/Source_Text/Tianxia_PHB_Backgrounds_v2_BOOK_CLEAN_ORIGIN_RECONCILED_v0_6.md"",""source_version"":""HF05ZVK-R1H Phase 2I HF2 / Canon Corpus P2A""}",a63d9e6599b990d74be2adba9879dbdc6a2ef23634dbdea35bc1f0d5fd5190bc
tianxia.background_talent.radiance.consecrated_lantern,Consecrated Lantern (Radiance),tianxia.sphere.radiance,Radiance,true,false,BACKGROUND_ORIGIN_ONLY,background-talent-selection,**Radiance Sphere.** You gain the Radiance sphere and the **Consecrated Lantern** talent.,"{""source_anchor"":""heading:background-spheres-and-talents"",""source_authority_sha256"":""4daf167cf634f27efef4dd2f1c8700bb4b7037cc6234c32be1af90aea5916385"",""source_file_sha256"":""e5e8203907dbded3303f197ff86579e82ec4d08df1fdbbcd51b03af5a98edf1c"",""source_pack"":""Tianxia_Factory_HF05ZVK_R1H_Phase2I_HF2"",""source_path"":""09_RULES/Source_Text/Tianxia_PHB_Backgrounds_v2_BOOK_CLEAN_ORIGIN_RECONCILED_v0_6.md"",""source_version"":""HF05ZVK-R1H Phase 2I HF2 / Canon Corpus P2A""}",7009e3e455a7acdeb2f3bd6eab454ca7a19c96dde8f89927d9dfad4bd2428398
tianxia.background_talent.scoundrel.cut_and_run,Cut and Run (Scoundrel),tianxia.sphere.scoundrel,Scoundrel,true,false,BACKGROUND_ORIGIN_ONLY,background-talent-selection,**Scoundrel Sphere.** You gain the Scoundrel sphere and the **Cut and Run** (`CUT AND RUN`) talent.,"{""source_anchor"":""heading:background-spheres-and-talents"",""source_authority_sha256"":""4daf167cf634f27efef4dd2f1c8700bb4b7037cc6234c32be1af90aea5916385"",""source_file_sha256"":""e5e8203907dbded3303f197ff86579e82ec4d08df1fdbbcd51b03af5a98edf1c"",""source_pack"":""Tianxia_Factory_HF05ZVK_R1H_Phase2I_HF2"",""source_path"":""09_RULES/Source_Text/Tianxia_PHB_Backgrounds_v2_BOOK_CLEAN_ORIGIN_RECONCILED_v0_6.md"",""source_version"":""HF05ZVK-R1H Phase 2I HF2 / Canon Corpus P2A""}",f618c962060686320c36eb6d554931368b386bce1024f18c1fea8158baad028a
tianxia.background_talent.scoundrel.distracting_trickery,Distracting Trickery (Scoundrel),tianxia.sphere.scoundrel,Scoundrel,true,false,BACKGROUND_ORIGIN_ONLY,background-talent-selection,**Scoundrel Sphere.** You gain the Scoundrel sphere and the **Distracting Trickery** (`DISTRACTING TRICKERY`) talent.,"{""source_anchor"":""heading:background-spheres-and-talents"",""source_authority_sha256"":""4daf167cf634f27efef4dd2f1c8700bb4b7037cc6234c32be1af90aea5916385"",""source_file_sha256"":""e5e8203907dbded3303f197ff86579e82ec4d08df1fdbbcd51b03af5a98edf1c"",""source_pack"":""Tianxia_Factory_HF05ZVK_R1H_Phase2I_HF2"",""source_path"":""09_RULES/Source_Text/Tianxia_PHB_Backgrounds_v2_BOOK_CLEAN_ORIGIN_RECONCILED_v0_6.md"",""source_version"":""HF05ZVK-R1H Phase 2I HF2 / Canon Corpus P2A""}",453751d74f4f843f52e4ab589616fbae7586be23d0247fcb9ab28b9f33840635
tianxia.background_talent.scoundrel.grifter_s_hands,Grifter’s Hands (Scoundrel),tianxia.sphere.scoundrel,Scoundrel,true,false,BACKGROUND_ORIGIN_ONLY,background-talent-selection,**Scoundrel Sphere.** You gain the Scoundrel sphere and the **Grifter’s Hands** (`GRIFTER’S HANDS`) talent.,"{""source_anchor"":""heading:background-spheres-and-talents"",""source_authority_sha256"":""4daf167cf634f27efef4dd2f1c8700bb4b7037cc6234c32be1af90aea5916385"",""source_file_sha256"":""e5e8203907dbded3303f197ff86579e82ec4d08df1fdbbcd51b03af5a98edf1c"",""source_pack"":""Tianxia_Factory_HF05ZVK_R1H_Phase2I_HF2"",""source_path"":""09_RULES/Source_Text/Tianxia_PHB_Backgrounds_v2_BOOK_CLEAN_ORIGIN_RECONCILED_v0_6.md"",""source_version"":""HF05ZVK-R1H Phase 2I HF2 / Canon Corpus P2A""}",1b8a1f04e01b2ea824d3791dd388b3dfcf6e2a8bc6a7ec904cb054181eb39c65
tianxia.background_talent.scoundrel.hidden_tool_cache,Hidden Tool Cache (Scoundrel),tianxia.sphere.scoundrel,Scoundrel,true,false,BACKGROUND_ORIGIN_ONLY,background-talent-selection,**Scoundrel Sphere.** You gain the Scoundrel sphere and the **Hidden Tool Cache** (`HIDDEN TOOL CACHE`) talent.,"{""source_anchor"":""heading:background-spheres-and-talents"",""source_authority_sha256"":""4daf167cf634f27efef4dd2f1c8700bb4b7037cc6234c32be1af90aea5916385"",""source_file_sha256"":""e5e8203907dbded3303f197ff86579e82ec4d08df1fdbbcd51b03af5a98edf1c"",""source_pack"":""Tianxia_Factory_HF05ZVK_R1H_Phase2I_HF2"",""source_path"":""09_RULES/Source_Text/Tianxia_PHB_Backgrounds_v2_BOOK_CLEAN_ORIGIN_RECONCILED_v0_6.md"",""source_version"":""HF05ZVK-R1H Phase 2I HF2 / Canon Corpus P2A""}",9c441252958646ae13b5ccce8ec7a792c9e03b11ea2c332fcec1a36801c9b966
tianxia.background_talent.scoundrel.switcheroo,Switcheroo (Scoundrel),tianxia.sphere.scoundrel,Scoundrel,true,false,BACKGROUND_ORIGIN_ONLY,background-talent-selection,**Scoundrel Sphere.** You gain the Scoundrel sphere and the **Switcheroo** (`SWITCHEROO`) talent.,"{""source_anchor"":""heading:background-spheres-and-talents"",""source_authority_sha256"":""4daf167cf634f27efef4dd2f1c8700bb4b7037cc6234c32be1af90aea5916385"",""source_file_sha256"":""e5e8203907dbded3303f197ff86579e82ec4d08df1fdbbcd51b03af5a98edf1c"",""source_pack"":""Tianxia_Factory_HF05ZVK_R1H_Phase2I_HF2"",""source_path"":""09_RULES/Source_Text/Tianxia_PHB_Backgrounds_v2_BOOK_CLEAN_ORIGIN_RECONCILED_v0_6.md"",""source_version"":""HF05ZVK-R1H Phase 2I HF2 / Canon Corpus P2A""}",c9f1109e3f239cda7b7849c8c959df5863c0fdd6f5ad4b25dbecade0ae7dc669
tianxia.background_talent.sect_stewardship.clean_ledger_hand,Clean Ledger Hand (Sect Stewardship),tianxia.sphere.sect_stewardship,Sect Stewardship,true,false,BACKGROUND_ORIGIN_ONLY,background-talent-selection,**Sect Stewardship Sphere.** You gain the Sect Stewardship sphere and the **Clean Ledger Hand** talent.,"{""source_anchor"":""heading:background-spheres-and-talents"",""source_authority_sha256"":""4daf167cf634f27efef4dd2f1c8700bb4b7037cc6234c32be1af90aea5916385"",""source_file_sha256"":""e5e8203907dbded3303f197ff86579e82ec4d08df1fdbbcd51b03af5a98edf1c"",""source_pack"":""Tianxia_Factory_HF05ZVK_R1H_Phase2I_HF2"",""source_path"":""09_RULES/Source_Text/Tianxia_PHB_Backgrounds_v2_BOOK_CLEAN_ORIGIN_RECONCILED_v0_6.md"",""source_version"":""HF05ZVK-R1H Phase 2I HF2 / Canon Corpus P2A""}",5b82c8d055549f2238969100ea0d654d9ff5ecd5cb401103d8df51ade6a81bba
tianxia.background_talent.sect_stewardship.quiet_apology_method,Quiet Apology Method (Sect Stewardship),tianxia.sphere.sect_stewardship,Sect Stewardship,true,false,BACKGROUND_ORIGIN_ONLY,background-talent-selection,**Sect Stewardship Sphere.** You gain the Sect Stewardship sphere and the **Quiet Apology Method** talent.,"{""source_anchor"":""heading:background-spheres-and-talents"",""source_authority_sha256"":""4daf167cf634f27efef4dd2f1c8700bb4b7037cc6234c32be1af90aea5916385"",""source_file_sha256"":""e5e8203907dbded3303f197ff86579e82ec4d08df1fdbbcd51b03af5a98edf1c"",""source_pack"":""Tianxia_Factory_HF05ZVK_R1H_Phase2I_HF2"",""source_path"":""09_RULES/Source_Text/Tianxia_PHB_Backgrounds_v2_BOOK_CLEAN_ORIGIN_RECONCILED_v0_6.md"",""source_version"":""HF05ZVK-R1H Phase 2I HF2 / Canon Corpus P2A""}",b0b83ac162cb7a5c5b6d2459b764c950a7f2742bca22c88065a1b4b7cdb3d94b
tianxia.background_talent.sect_stewardship.sect_token_etiquette,Sect Token Etiquette (Sect Stewardship),tianxia.sphere.sect_stewardship,Sect Stewardship,true,false,BACKGROUND_ORIGIN_ONLY,background-talent-selection,**Sect Stewardship Sphere.** You gain the Sect Stewardship sphere and the **Sect Token Etiquette** talent.,"{""source_anchor"":""heading:background-spheres-and-talents"",""source_authority_sha256"":""4daf167cf634f27efef4dd2f1c8700bb4b7037cc6234c32be1af90aea5916385"",""source_file_sha256"":""e5e8203907dbded3303f197ff86579e82ec4d08df1fdbbcd51b03af5a98edf1c"",""source_pack"":""Tianxia_Factory_HF05ZVK_R1H_Phase2I_HF2"",""source_path"":""09_RULES/Source_Text/Tianxia_PHB_Backgrounds_v2_BOOK_CLEAN_ORIGIN_RECONCILED_v0_6.md"",""source_version"":""HF05ZVK-R1H Phase 2I HF2 / Canon Corpus P2A""}",78240305567103f908760783d5196e58b99dc5a2be2dd585c9c13bb8d4527bf3
tianxia.background_talent.sect_stewardship.senior_brother_s_errand,Senior Brother’s Errand (Sect Stewardship),tianxia.sphere.sect_stewardship,Sect Stewardship,true,false,BACKGROUND_ORIGIN_ONLY,background-talent-selection,**Sect Stewardship Sphere.** You gain the Sect Stewardship sphere and the **Senior Brother’s Errand** talent.,"{""source_anchor"":""heading:background-spheres-and-talents"",""source_authority_sha256"":""4daf167cf634f27efef4dd2f1c8700bb4b7037cc6234c32be1af90aea5916385"",""source_file_sha256"":""e5e8203907dbded3303f197ff86579e82ec4d08df1fdbbcd51b03af5a98edf1c"",""source_pack"":""Tianxia_Factory_HF05ZVK_R1H_Phase2I_HF2"",""source_path"":""09_RULES/Source_Text/Tianxia_PHB_Backgrounds_v2_BOOK_CLEAN_ORIGIN_RECONCILED_v0_6.md"",""source_version"":""HF05ZVK-R1H Phase 2I HF2 / Canon Corpus P2A""}",f522bf1665d5044cc011a4e5984e4fdc07f7d51c2cbab0ea8036e35fd556c61a
tianxia.background_talent.sniper.still_scope_posture,Still-Scope Posture (Sniper),tianxia.sphere.sniper,Sniper,true,false,BACKGROUND_ORIGIN_ONLY,background-talent-selection,**Sniper Sphere.** You gain the Sniper sphere and the **Still-Scope Posture** talent.,"{""source_anchor"":""heading:background-spheres-and-talents"",""source_authority_sha256"":""4daf167cf634f27efef4dd2f1c8700bb4b7037cc6234c32be1af90aea5916385"",""source_file_sha256"":""e5e8203907dbded3303f197ff86579e82ec4d08df1fdbbcd51b03af5a98edf1c"",""source_pack"":""Tianxia_Factory_HF05ZVK_R1H_Phase2I_HF2"",""source_path"":""09_RULES/Source_Text/Tianxia_PHB_Backgrounds_v2_BOOK_CLEAN_ORIGIN_RECONCILED_v0_6.md"",""source_version"":""HF05ZVK-R1H Phase 2I HF2 / Canon Corpus P2A""}",15c1b6ca89da6f3ce25a9c2de21a0ac20a443770a1ede0321bd1a8613d5e764e
tianxia.background_talent.spear.long_shaft_discipline,Long-Shaft Discipline (Spear),tianxia.sphere.spear,Spear,true,false,BACKGROUND_ORIGIN_ONLY,background-talent-selection,**Spear Sphere.** You gain the Spear sphere and the **Long-Shaft Discipline** talent.,"{""source_anchor"":""heading:background-spheres-and-talents"",""source_authority_sha256"":""4daf167cf634f27efef4dd2f1c8700bb4b7037cc6234c32be1af90aea5916385"",""source_file_sha256"":""e5e8203907dbded3303f197ff86579e82ec4d08df1fdbbcd51b03af5a98edf1c"",""source_pack"":""Tianxia_Factory_HF05ZVK_R1H_Phase2I_HF2"",""source_path"":""09_RULES/Source_Text/Tianxia_PHB_Backgrounds_v2_BOOK_CLEAN_ORIGIN_RECONCILED_v0_6.md"",""source_version"":""HF05ZVK-R1H Phase 2I HF2 / Canon Corpus P2A""}",86c4ce4de2235714258e6717ac004c7287c5daadf49d21e2472d6065ade4ad22
tianxia.background_talent.spear.pursuit_spear,Pursuit Spear (Spear),tianxia.sphere.spear,Spear,true,false,BACKGROUND_ORIGIN_ONLY,background-talent-selection,**Spear Sphere.** You gain the Spear sphere and the **Pursuit Spear** talent.,"{""source_anchor"":""heading:background-spheres-and-talents"",""source_authority_sha256"":""4daf167cf634f27efef4dd2f1c8700bb4b7037cc6234c32be1af90aea5916385"",""source_file_sha256"":""e5e8203907dbded3303f197ff86579e82ec4d08df1fdbbcd51b03af5a98edf1c"",""source_pack"":""Tianxia_Factory_HF05ZVK_R1H_Phase2I_HF2"",""source_path"":""09_RULES/Source_Text/Tianxia_PHB_Backgrounds_v2_BOOK_CLEAN_ORIGIN_RECONCILED_v0_6.md"",""source_version"":""HF05ZVK-R1H Phase 2I HF2 / Canon Corpus P2A""}",16b5b3a422a236e624d1bc4dd6b1afec7b25d9fd0b341573512b9b790dba0bdd
tianxia.background_talent.spear.rooted_spear_stance,Rooted Spear Stance (Spear),tianxia.sphere.spear,Spear,true,false,BACKGROUND_ORIGIN_ONLY,background-talent-selection,**Spear Sphere.** You gain the Spear sphere and the **Rooted Spear Stance** talent.,"{""source_anchor"":""heading:background-spheres-and-talents"",""source_authority_sha256"":""4daf167cf634f27efef4dd2f1c8700bb4b7037cc6234c32be1af90aea5916385"",""source_file_sha256"":""e5e8203907dbded3303f197ff86579e82ec4d08df1fdbbcd51b03af5a98edf1c"",""source_pack"":""Tianxia_Factory_HF05ZVK_R1H_Phase2I_HF2"",""source_path"":""09_RULES/Source_Text/Tianxia_PHB_Backgrounds_v2_BOOK_CLEAN_ORIGIN_RECONCILED_v0_6.md"",""source_version"":""HF05ZVK-R1H Phase 2I HF2 / Canon Corpus P2A""}",38a7e712f637e0ce216d640d2cbf63bd7838e9372b60d0713e0a1e5f4817f403
tianxia.background_talent.spirit_companions.ancestral_ear,Ancestral Ear (Spirit Companions),tianxia.sphere.spirit_companions,Spirit Companions,true,false,BACKGROUND_ORIGIN_ONLY,background-talent-selection,**Ancestral Ear**,"{""source_anchor"":""heading:background-spheres-and-talents"",""source_authority_sha256"":""4daf167cf634f27efef4dd2f1c8700bb4b7037cc6234c32be1af90aea5916385"",""source_file_sha256"":""e5e8203907dbded3303f197ff86579e82ec4d08df1fdbbcd51b03af5a98edf1c"",""source_pack"":""Tianxia_Factory_HF05ZVK_R1H_Phase2I_HF2"",""source_path"":""09_RULES/Source_Text/Tianxia_PHB_Backgrounds_v2_BOOK_CLEAN_ORIGIN_RECONCILED_v0_6.md"",""source_version"":""HF05ZVK-R1H Phase 2I HF2 / Canon Corpus P2A""}",f9f0a388a358c5c3d45be27e1d16e27bcccf335494469a7d19632553fde8c4ab
tianxia.background_talent.spirit_companions.gentle_offering_method,Gentle Offering Method (Spirit Companions),tianxia.sphere.spirit_companions,Spirit Companions,true,false,BACKGROUND_ORIGIN_ONLY,background-talent-selection,**Gentle Offering Method**,"{""source_anchor"":""heading:background-spheres-and-talents"",""source_authority_sha256"":""4daf167cf634f27efef4dd2f1c8700bb4b7037cc6234c32be1af90aea5916385"",""source_file_sha256"":""e5e8203907dbded3303f197ff86579e82ec4d08df1fdbbcd51b03af5a98edf1c"",""source_pack"":""Tianxia_Factory_HF05ZVK_R1H_Phase2I_HF2"",""source_path"":""09_RULES/Source_Text/Tianxia_PHB_Backgrounds_v2_BOOK_CLEAN_ORIGIN_RECONCILED_v0_6.md"",""source_version"":""HF05ZVK-R1H Phase 2I HF2 / Canon Corpus P2A""}",d104af64f828fe5d29a381bba8bb010d24fab551f86e1f9469a96719fa11fe97
tianxia.background_talent.spirit_companions.iron_courtesy,Iron Courtesy (Spirit Companions),tianxia.sphere.spirit_companions,Spirit Companions,true,false,BACKGROUND_ORIGIN_ONLY,background-talent-selection,**Iron Courtesy**,"{""source_anchor"":""heading:background-spheres-and-talents"",""source_authority_sha256"":""4daf167cf634f27efef4dd2f1c8700bb4b7037cc6234c32be1af90aea5916385"",""source_file_sha256"":""e5e8203907dbded3303f197ff86579e82ec4d08df1fdbbcd51b03af5a98edf1c"",""source_pack"":""Tianxia_Factory_HF05ZVK_R1H_Phase2I_HF2"",""source_path"":""09_RULES/Source_Text/Tianxia_PHB_Backgrounds_v2_BOOK_CLEAN_ORIGIN_RECONCILED_v0_6.md"",""source_version"":""HF05ZVK-R1H Phase 2I HF2 / Canon Corpus P2A""}",a698e0655b4364679f9deb104f20c94bd0fc4ff2bec7c0991c8d1197021ba19b
tianxia.background_talent.spirit_companions.minor_spirit_agreements,Minor Spirit Agreements (Spirit Companions),tianxia.sphere.spirit_companions,Spirit Companions,true,false,BACKGROUND_ORIGIN_ONLY,background-talent-selection,**Spirit Companions Sphere.** You gain the Spirit Companions sphere and the **Minor Spirit Agreements** talent.,"{""source_anchor"":""heading:background-spheres-and-talents"",""source_authority_sha256"":""4daf167cf634f27efef4dd2f1c8700bb4b7037cc6234c32be1af90aea5916385"",""source_file_sha256"":""e5e8203907dbded3303f197ff86579e82ec4d08df1fdbbcd51b03af5a98edf1c"",""source_pack"":""Tianxia_Factory_HF05ZVK_R1H_Phase2I_HF2"",""source_path"":""09_RULES/Source_Text/Tianxia_PHB_Backgrounds_v2_BOOK_CLEAN_ORIGIN_RECONCILED_v0_6.md"",""source_version"":""HF05ZVK-R1H Phase 2I HF2 / Canon Corpus P2A""}",5e9372f0e98d31042404e4f31d1fb54101a24921942dd38fabb803ae346167ba
tianxia.background_talent.spirit_companions.vessel_mark,Vessel Mark (Spirit Companions),tianxia.sphere.spirit_companions,Spirit Companions,true,false,BACKGROUND_ORIGIN_ONLY,background-talent-selection,**Vessel Mark**,"{""source_anchor"":""heading:background-spheres-and-talents"",""source_authority_sha256"":""4daf167cf634f27efef4dd2f1c8700bb4b7037cc6234c32be1af90aea5916385"",""source_file_sha256"":""e5e8203907dbded3303f197ff86579e82ec4d08df1fdbbcd51b03af5a98edf1c"",""source_pack"":""Tianxia_Factory_HF05ZVK_R1H_Phase2I_HF2"",""source_path"":""09_RULES/Source_Text/Tianxia_PHB_Backgrounds_v2_BOOK_CLEAN_ORIGIN_RECONCILED_v0_6.md"",""source_version"":""HF05ZVK-R1H Phase 2I HF2 / Canon Corpus P2A""}",397ed72511fcbe1d1c661452390c263c0c395afb34f309fc99858d4a297b192a
tianxia.background_talent.sword.sword_drawing_stance,Sword Drawing Stance (Sword),tianxia.sphere.sword,Sword,true,false,BACKGROUND_ORIGIN_ONLY,background-talent-selection,**Sword Sphere.** You gain the Sword sphere and the **Sword Drawing Stance** talent.,"{""source_anchor"":""heading:background-spheres-and-talents"",""source_authority_sha256"":""4daf167cf634f27efef4dd2f1c8700bb4b7037cc6234c32be1af90aea5916385"",""source_file_sha256"":""e5e8203907dbded3303f197ff86579e82ec4d08df1fdbbcd51b03af5a98edf1c"",""source_pack"":""Tianxia_Factory_HF05ZVK_R1H_Phase2I_HF2"",""source_path"":""09_RULES/Source_Text/Tianxia_PHB_Backgrounds_v2_BOOK_CLEAN_ORIGIN_RECONCILED_v0_6.md"",""source_version"":""HF05ZVK-R1H Phase 2I HF2 / Canon Corpus P2A""}",4001ede25f8bbae6d53467544a6ee1c48e495a0fae12ef9eebf4ef6c511e2da7
tianxia.background_talent.sword.sword_guard,Sword Guard (Sword),tianxia.sphere.sword,Sword,true,false,BACKGROUND_ORIGIN_ONLY,background-talent-selection,**Sword Sphere.** You gain the Sword sphere and the **Sword Guard** talent.,"{""source_anchor"":""heading:background-spheres-and-talents"",""source_authority_sha256"":""4daf167cf634f27efef4dd2f1c8700bb4b7037cc6234c32be1af90aea5916385"",""source_file_sha256"":""e5e8203907dbded3303f197ff86579e82ec4d08df1fdbbcd51b03af5a98edf1c"",""source_pack"":""Tianxia_Factory_HF05ZVK_R1H_Phase2I_HF2"",""source_path"":""09_RULES/Source_Text/Tianxia_PHB_Backgrounds_v2_BOOK_CLEAN_ORIGIN_RECONCILED_v0_6.md"",""source_version"":""HF05ZVK-R1H Phase 2I HF2 / Canon Corpus P2A""}",0827469bdf26946e974c2545a868e43fd95b96a7f85e0a54059e321df0421254
tianxia.background_talent.talismans.hidden_sleeve_preparation,Hidden Sleeve Preparation (Talismans),tianxia.sphere.talismans,Talismans,true,false,BACKGROUND_ORIGIN_ONLY,background-talent-selection,**Talismans Sphere.** You gain the Talismans sphere and the **Hidden Sleeve Preparation** talent.,"{""source_anchor"":""heading:background-spheres-and-talents"",""source_authority_sha256"":""4daf167cf634f27efef4dd2f1c8700bb4b7037cc6234c32be1af90aea5916385"",""source_file_sha256"":""e5e8203907dbded3303f197ff86579e82ec4d08df1fdbbcd51b03af5a98edf1c"",""source_pack"":""Tianxia_Factory_HF05ZVK_R1H_Phase2I_HF2"",""source_path"":""09_RULES/Source_Text/Tianxia_PHB_Backgrounds_v2_BOOK_CLEAN_ORIGIN_RECONCILED_v0_6.md"",""source_version"":""HF05ZVK-R1H Phase 2I HF2 / Canon Corpus P2A""}",0ba260ac9bd56b199f378a252f1a9434317b8669e402825e13e0c79d593b63c2
tianxia.background_talent.talismans.talisman_master_s_ink,Talisman Master’s Ink (Talismans),tianxia.sphere.talismans,Talismans,true,false,BACKGROUND_ORIGIN_ONLY,background-talent-selection,**Talismans Sphere.** You gain the Talismans sphere and the **Talisman Master’s Ink** talent.,"{""source_anchor"":""heading:background-spheres-and-talents"",""source_authority_sha256"":""4daf167cf634f27efef4dd2f1c8700bb4b7037cc6234c32be1af90aea5916385"",""source_file_sha256"":""e5e8203907dbded3303f197ff86579e82ec4d08df1fdbbcd51b03af5a98edf1c"",""source_pack"":""Tianxia_Factory_HF05ZVK_R1H_Phase2I_HF2"",""source_path"":""09_RULES/Source_Text/Tianxia_PHB_Backgrounds_v2_BOOK_CLEAN_ORIGIN_RECONCILED_v0_6.md"",""source_version"":""HF05ZVK-R1H Phase 2I HF2 / Canon Corpus P2A""}",aa5068df2d119ab5648ae02db8b8878a70789d544c6bcdd26f9ee45588e33d10
tianxia.background_talent.talismans.warding_talisman,Warding Talisman (Talismans),tianxia.sphere.talismans,Talismans,true,false,BACKGROUND_ORIGIN_ONLY,background-talent-selection,**Talismans Sphere.** You gain the Talismans sphere and the **Warding Talisman** talent.,"{""source_anchor"":""heading:background-spheres-and-talents"",""source_authority_sha256"":""4daf167cf634f27efef4dd2f1c8700bb4b7037cc6234c32be1af90aea5916385"",""source_file_sha256"":""e5e8203907dbded3303f197ff86579e82ec4d08df1fdbbcd51b03af5a98edf1c"",""source_pack"":""Tianxia_Factory_HF05ZVK_R1H_Phase2I_HF2"",""source_path"":""09_RULES/Source_Text/Tianxia_PHB_Backgrounds_v2_BOOK_CLEAN_ORIGIN_RECONCILED_v0_6.md"",""source_version"":""HF05ZVK-R1H Phase 2I HF2 / Canon Corpus P2A""}",b819e7469bb63f2445f42bc89d31f1ab1b06d222448c46e57adce7c0e99ba3d4
tianxia.background_talent.trap.noose,Noose (Trap),tianxia.sphere.trap,Trap,true,false,BACKGROUND_ORIGIN_ONLY,background-talent-selection,**Trap Sphere.** You gain the Trap sphere and the **Noose** talent.,"{""source_anchor"":""heading:background-spheres-and-talents"",""source_authority_sha256"":""4daf167cf634f27efef4dd2f1c8700bb4b7037cc6234c32be1af90aea5916385"",""source_file_sha256"":""e5e8203907dbded3303f197ff86579e82ec4d08df1fdbbcd51b03af5a98edf1c"",""source_pack"":""Tianxia_Factory_HF05ZVK_R1H_Phase2I_HF2"",""source_path"":""09_RULES/Source_Text/Tianxia_PHB_Backgrounds_v2_BOOK_CLEAN_ORIGIN_RECONCILED_v0_6.md"",""source_version"":""HF05ZVK-R1H Phase 2I HF2 / Canon Corpus P2A""}",5412ac0025843ed11b15ab27d61bdb0a91039e3d3a6065b7bca314452308d941
tianxia.background_talent.trap.warning_trigger,Warning Trigger (Trap),tianxia.sphere.trap,Trap,true,false,BACKGROUND_ORIGIN_ONLY,background-talent-selection,**Trap Sphere.** You gain the Trap sphere and the **Warning Trigger** talent.,"{""source_anchor"":""heading:background-spheres-and-talents"",""source_authority_sha256"":""4daf167cf634f27efef4dd2f1c8700bb4b7037cc6234c32be1af90aea5916385"",""source_file_sha256"":""e5e8203907dbded3303f197ff86579e82ec4d08df1fdbbcd51b03af5a98edf1c"",""source_pack"":""Tianxia_Factory_HF05ZVK_R1H_Phase2I_HF2"",""source_path"":""09_RULES/Source_Text/Tianxia_PHB_Backgrounds_v2_BOOK_CLEAN_ORIGIN_RECONCILED_v0_6.md"",""source_version"":""HF05ZVK-R1H Phase 2I HF2 / Canon Corpus P2A""}",2d659a9e37b525f5dc77cf9a944e7c78e8c61f7b06f9604011fb4263edb5340e
tianxia.background_talent.warleader.battlefield_coordination,Battlefield Coordination (Warleader),tianxia.sphere.warleader,Warleader,true,false,BACKGROUND_ORIGIN_ONLY,background-talent-selection,**Warleader Sphere.** You gain the Warleader sphere and the **Battlefield Coordination** talent.,"{""source_anchor"":""heading:background-spheres-and-talents"",""source_authority_sha256"":""4daf167cf634f27efef4dd2f1c8700bb4b7037cc6234c32be1af90aea5916385"",""source_file_sha256"":""e5e8203907dbded3303f197ff86579e82ec4d08df1fdbbcd51b03af5a98edf1c"",""source_pack"":""Tianxia_Factory_HF05ZVK_R1H_Phase2I_HF2"",""source_path"":""09_RULES/Source_Text/Tianxia_PHB_Backgrounds_v2_BOOK_CLEAN_ORIGIN_RECONCILED_v0_6.md"",""source_version"":""HF05ZVK-R1H Phase 2I HF2 / Canon Corpus P2A""}",62bebea79935e2490306a914d77d2c5c5f6d56b27578f76adaf3326dee9677cf
tianxia.background_talent.warleader.rallying_speech,Rallying Speech (Warleader),tianxia.sphere.warleader,Warleader,true,false,BACKGROUND_ORIGIN_ONLY,background-talent-selection,**Warleader Sphere.** You gain the Warleader sphere and the **Rallying Speech** talent.,"{""source_anchor"":""heading:background-spheres-and-talents"",""source_authority_sha256"":""4daf167cf634f27efef4dd2f1c8700bb4b7037cc6234c32be1af90aea5916385"",""source_file_sha256"":""e5e8203907dbded3303f197ff86579e82ec4d08df1fdbbcd51b03af5a98edf1c"",""source_pack"":""Tianxia_Factory_HF05ZVK_R1H_Phase2I_HF2"",""source_path"":""09_RULES/Source_Text/Tianxia_PHB_Backgrounds_v2_BOOK_CLEAN_ORIGIN_RECONCILED_v0_6.md"",""source_version"":""HF05ZVK-R1H Phase 2I HF2 / Canon Corpus P2A""}",e0349834413a5b60456f688566cb853c5c069fac8b300e3b69fcf25089603df5
