canonical_sphere_id,preserved_legacy_id,proposed_canonical_id,deterministic_migration_alias,display_name,normalized_key,exact_published_source_section,source_section_line_start,source_section_line_end,source_section_sha256,source_pack,source_version,aliases,content_family_labels,route_labels,deprecated_labels,status,expected_browse_rules_visibility,expected_character_creator_disposition,confirmed_selectable_talent_count,confirmed_membership_count,background_related_relationship_count,zero_projected_talent_status,source_provenance,record_commitment_sha256
tianxia.sphere.air,tianxia.sphere.air,tianxia.sphere.air,null,Air,air,Sphere of Air,570,1703,6b98f8e0ea2f396499a61e62734b07cb7d6f04551458b5c0f7d9e8decdda48d7,Tianxia_Factory_HF05ZVK_R1H_Phase2I_HF2,HF05ZVK-R1H Phase 2I HF2 / Canon Corpus P2A,[],[],[],[],PUBLISHED_CANONICAL,true,OWNER_SELECTABLE_WITH_PREREQUISITES,42,42,0,false,"{""source_anchor"":""line:570"",""source_authority_sha256"":""4daf167cf634f27efef4dd2f1c8700bb4b7037cc6234c32be1af90aea5916385"",""source_file_sha256"":""67f67275889467d43605debaa0c05dc5ddde9ba079222819aabea27c66167775"",""source_pack"":""Tianxia_Factory_HF05ZVK_R1H_Phase2I_HF2"",""source_path"":""09_RULES/Source_Text/Tianxia_Sphere_Compendium_Latest_R0I_85Spheres.md"",""source_version"":""HF05ZVK-R1H Phase 2I HF2 / Canon Corpus P2A""}",45231ad94389c44b27ce8f9a2c35596bd058161218c17296f3e398eaa2e4c7a4
tianxia.sphere.alchemy,tianxia.sphere.alchemy,tianxia.sphere.alchemy,null,Alchemy,alchemy,Sphere of Alchemy,1704,3103,1ef71b243d878ad7a79737f57d6e55db030c5313e172bbf27408fc8d744c2482,Tianxia_Factory_HF05ZVK_R1H_Phase2I_HF2,HF05ZVK-R1H Phase 2I HF2 / Canon Corpus P2A,[],[],[],[],PUBLISHED_CANONICAL,true,OWNER_SELECTABLE_WITH_PREREQUISITES,28,28,3,false,"{""source_anchor"":""line:1704"",""source_authority_sha256"":""4daf167cf634f27efef4dd2f1c8700bb4b7037cc6234c32be1af90aea5916385"",""source_file_sha256"":""67f67275889467d43605debaa0c05dc5ddde9ba079222819aabea27c66167775"",""source_pack"":""Tianxia_Factory_HF05ZVK_R1H_Phase2I_HF2"",""source_path"":""09_RULES/Source_Text/Tianxia_Sphere_Compendium_Latest_R0I_85Spheres.md"",""source_version"":""HF05ZVK-R1H Phase 2I HF2 / Canon Corpus P2A""}",17701aaf429eb48f17557c624cb809435c1db3d6f23c0b1df5aae9044e3b9f9d
tianxia.sphere.ash,tianxia.sphere.ash,tianxia.sphere.ash,null,Ash,ash,Sphere of Ash,3104,4211,6b0995446dbeb8ee7b0a1fa91fd7e53f23bb16ddae872c0ba019925a3b2ed70d,Tianxia_Factory_HF05ZVK_R1H_Phase2I_HF2,HF05ZVK-R1H Phase 2I HF2 / Canon Corpus P2A,[],[],[],[],PUBLISHED_CANONICAL,true,OWNER_SELECTABLE_WITH_PREREQUISITES,7,7,0,false,"{""source_anchor"":""line:3104"",""source_authority_sha256"":""4daf167cf634f27efef4dd2f1c8700bb4b7037cc6234c32be1af90aea5916385"",""source_file_sha256"":""67f67275889467d43605debaa0c05dc5ddde9ba079222819aabea27c66167775"",""source_pack"":""Tianxia_Factory_HF05ZVK_R1H_Phase2I_HF2"",""source_path"":""09_RULES/Source_Text/Tianxia_Sphere_Compendium_Latest_R0I_85Spheres.md"",""source_version"":""HF05ZVK-R1H Phase 2I HF2 / Canon Corpus P2A""}",3221c3854ff0d3aace6c7f4e2b2544ff9153f40ea224296f9e9d5f67c145d714
tianxia.sphere.athletics,tianxia.sphere.athletics,tianxia.sphere.athletics,null,Athletics,athletics,Sphere of Athletics,4212,5103,096148165e7b99ef906578c38524888a90910c55b689cd3e1d0e3825c41eea41,Tianxia_Factory_HF05ZVK_R1H_Phase2I_HF2,HF05ZVK-R1H Phase 2I HF2 / Canon Corpus P2A,[],[],[],[],PUBLISHED_CANONICAL,true,OWNER_SELECTABLE_WITH_PREREQUISITES,38,38,4,false,"{""source_anchor"":""line:4212"",""source_authority_sha256"":""4daf167cf634f27efef4dd2f1c8700bb4b7037cc6234c32be1af90aea5916385"",""source_file_sha256"":""67f67275889467d43605debaa0c05dc5ddde9ba079222819aabea27c66167775"",""source_pack"":""Tianxia_Factory_HF05ZVK_R1H_Phase2I_HF2"",""source_path"":""09_RULES/Source_Text/Tianxia_Sphere_Compendium_Latest_R0I_85Spheres.md"",""source_version"":""HF05ZVK-R1H Phase 2I HF2 / Canon Corpus P2A""}",dfec1826db928bd6bda926eff8c09f91ea8797ce4f44ec23e8cc23dcd9e3deea
tianxia.sphere.axes,tianxia.sphere.axes,tianxia.sphere.axes,null,Axes,axes,Sphere of Axes,5104,6195,f9edf9bca5f0591aa74e82f366a8ff3c8756cdf299a1f7629afad33bdc272040,Tianxia_Factory_HF05ZVK_R1H_Phase2I_HF2,HF05ZVK-R1H Phase 2I HF2 / Canon Corpus P2A,[],[],[],[],PUBLISHED_CANONICAL,true,OWNER_SELECTABLE_WITH_PREREQUISITES,42,42,0,false,"{""source_anchor"":""line:5104"",""source_authority_sha256"":""4daf167cf634f27efef4dd2f1c8700bb4b7037cc6234c32be1af90aea5916385"",""source_file_sha256"":""67f67275889467d43605debaa0c05dc5ddde9ba079222819aabea27c66167775"",""source_pack"":""Tianxia_Factory_HF05ZVK_R1H_Phase2I_HF2"",""source_path"":""09_RULES/Source_Text/Tianxia_Sphere_Compendium_Latest_R0I_85Spheres.md"",""source_version"":""HF05ZVK-R1H Phase 2I HF2 / Canon Corpus P2A""}",1ee9e9bfc1cecb28d1ac6b7b2018482dac6393b67c3a5fb95c1436a618e03f35
tianxia.sphere.barrage,tianxia.sphere.barrage,tianxia.sphere.barrage,null,Barrage,barrage,Sphere of Barrage,6196,7204,5873f1e6893f1b09d6f87633dfdc296b7b8f20d197ff89c464c63bf90c960fbf,Tianxia_Factory_HF05ZVK_R1H_Phase2I_HF2,HF05ZVK-R1H Phase 2I HF2 / Canon Corpus P2A,[],[],[],[],PUBLISHED_CANONICAL,true,OWNER_SELECTABLE_WITH_PREREQUISITES,29,29,2,false,"{""source_anchor"":""line:6196"",""source_authority_sha256"":""4daf167cf634f27efef4dd2f1c8700bb4b7037cc6234c32be1af90aea5916385"",""source_file_sha256"":""67f67275889467d43605debaa0c05dc5ddde9ba079222819aabea27c66167775"",""source_pack"":""Tianxia_Factory_HF05ZVK_R1H_Phase2I_HF2"",""source_path"":""09_RULES/Source_Text/Tianxia_Sphere_Compendium_Latest_R0I_85Spheres.md"",""source_version"":""HF05ZVK-R1H Phase 2I HF2 / Canon Corpus P2A""}",2e7236cee1a536283490fbf9e82d443e01795f9ff832d7c8b2c72d4fcb17b19d
tianxia.sphere.beastmastery,tianxia.sphere.beastmastery,tianxia.sphere.beastmastery,null,Beastmastery,beastmastery,Sphere of Beastmastery,7205,8352,327d88e6eee23ee8cd5255dfc28d35414e50502329099f7696963ecb70471c66,Tianxia_Factory_HF05ZVK_R1H_Phase2I_HF2,HF05ZVK-R1H Phase 2I HF2 / Canon Corpus P2A,[],[],[],[],PUBLISHED_CANONICAL,true,OWNER_SELECTABLE_WITH_PREREQUISITES,32,32,2,false,"{""source_anchor"":""line:7205"",""source_authority_sha256"":""4daf167cf634f27efef4dd2f1c8700bb4b7037cc6234c32be1af90aea5916385"",""source_file_sha256"":""67f67275889467d43605debaa0c05dc5ddde9ba079222819aabea27c66167775"",""source_pack"":""Tianxia_Factory_HF05ZVK_R1H_Phase2I_HF2"",""source_path"":""09_RULES/Source_Text/Tianxia_Sphere_Compendium_Latest_R0I_85Spheres.md"",""source_version"":""HF05ZVK-R1H Phase 2I HF2 / Canon Corpus P2A""}",54156e9bd24ef3a8453d0d9b857fa71024dfdd08d78d68f572a6a33e7459880e
tianxia.sphere.beauty,tianxia.sphere.beauty,tianxia.sphere.beauty,null,Beauty,beauty,Sphere of Beauty,8353,9363,e426e782be7760821357a2a9df3707364e7d4e8cf61ee44bf2b0f885ba3f0ea3,Tianxia_Factory_HF05ZVK_R1H_Phase2I_HF2,HF05ZVK-R1H Phase 2I HF2 / Canon Corpus P2A,"[""Beauty Catalogue Name: Sphere of Beauty""]",[],[],[],PUBLISHED_CANONICAL,true,OWNER_SELECTABLE_WITH_PREREQUISITES,0,0,0,true,"{""source_anchor"":""line:8353"",""source_authority_sha256"":""4daf167cf634f27efef4dd2f1c8700bb4b7037cc6234c32be1af90aea5916385"",""source_file_sha256"":""67f67275889467d43605debaa0c05dc5ddde9ba079222819aabea27c66167775"",""source_pack"":""Tianxia_Factory_HF05ZVK_R1H_Phase2I_HF2"",""source_path"":""09_RULES/Source_Text/Tianxia_Sphere_Compendium_Latest_R0I_85Spheres.md"",""source_version"":""HF05ZVK-R1H Phase 2I HF2 / Canon Corpus P2A""}",d8698e35c892a2d396f9b08cd51e3d56207ab66058e8122fdad4fd71a86c9ca3
tianxia.sphere.berserker,tianxia.sphere.berserker,tianxia.sphere.berserker,null,Berserker,berserker,Sphere of Berserker,9364,10326,dd585ded30e7d6e31728933b4a24d7a310a35e9482b7ec739d42f69d109f42df,Tianxia_Factory_HF05ZVK_R1H_Phase2I_HF2,HF05ZVK-R1H Phase 2I HF2 / Canon Corpus P2A,[],[],[],[],PUBLISHED_CANONICAL,true,OWNER_SELECTABLE_WITH_PREREQUISITES,32,32,0,false,"{""source_anchor"":""line:9364"",""source_authority_sha256"":""4daf167cf634f27efef4dd2f1c8700bb4b7037cc6234c32be1af90aea5916385"",""source_file_sha256"":""67f67275889467d43605debaa0c05dc5ddde9ba079222819aabea27c66167775"",""source_pack"":""Tianxia_Factory_HF05ZVK_R1H_Phase2I_HF2"",""source_path"":""09_RULES/Source_Text/Tianxia_Sphere_Compendium_Latest_R0I_85Spheres.md"",""source_version"":""HF05ZVK-R1H Phase 2I HF2 / Canon Corpus P2A""}",ef93b082005f075f798c2a1cb5c444806eb608a2ffd0778939c3de6fcc8da0ba
tianxia.sphere.blacksmith,tianxia.sphere.blacksmith,tianxia.sphere.blacksmith,null,Blacksmith,blacksmith,Sphere of Blacksmith,10327,12025,90800d611d9f2384aa6b81b2f374b33d7ea851801f3ae8acc62dcfac050fb8ac,Tianxia_Factory_HF05ZVK_R1H_Phase2I_HF2,HF05ZVK-R1H Phase 2I HF2 / Canon Corpus P2A,[],[],[],[],PUBLISHED_CANONICAL,true,OWNER_SELECTABLE_WITH_PREREQUISITES,0,0,2,true,"{""source_anchor"":""line:10327"",""source_authority_sha256"":""4daf167cf634f27efef4dd2f1c8700bb4b7037cc6234c32be1af90aea5916385"",""source_file_sha256"":""67f67275889467d43605debaa0c05dc5ddde9ba079222819aabea27c66167775"",""source_pack"":""Tianxia_Factory_HF05ZVK_R1H_Phase2I_HF2"",""source_path"":""09_RULES/Source_Text/Tianxia_Sphere_Compendium_Latest_R0I_85Spheres.md"",""source_version"":""HF05ZVK-R1H Phase 2I HF2 / Canon Corpus P2A""}",66fedf743ba4ad120788a205f8b0f95c3ec0b30f7deaf3a9b56ded108b2cccb3
tianxia.sphere.blood,tianxia.sphere.blood,tianxia.sphere.blood,null,Blood,blood,Sphere of Blood,12026,13307,e82dd078192e0aa56cdd0c432dfd5a718bacc80f1e82ee69e31c23100e65abef,Tianxia_Factory_HF05ZVK_R1H_Phase2I_HF2,HF05ZVK-R1H Phase 2I HF2 / Canon Corpus P2A,[],[],[],[],PUBLISHED_CANONICAL,true,OWNER_SELECTABLE_WITH_PREREQUISITES,0,0,0,true,"{""source_anchor"":""line:12026"",""source_authority_sha256"":""4daf167cf634f27efef4dd2f1c8700bb4b7037cc6234c32be1af90aea5916385"",""source_file_sha256"":""67f67275889467d43605debaa0c05dc5ddde9ba079222819aabea27c66167775"",""source_pack"":""Tianxia_Factory_HF05ZVK_R1H_Phase2I_HF2"",""source_path"":""09_RULES/Source_Text/Tianxia_Sphere_Compendium_Latest_R0I_85Spheres.md"",""source_version"":""HF05ZVK-R1H Phase 2I HF2 / Canon Corpus P2A""}",e36b285eab8c80ed7cb62f02e35cc6466f9ac718bc2f3e38f813d06dd2dee1f0
tianxia.sphere.brute,tianxia.sphere.brute,tianxia.sphere.brute,null,Brute,brute,Sphere of Brute,13308,14370,aed9e6133a381689928d27dc2fbd1e49f5b8140fcc81a90ffcadc58f14f62a3b,Tianxia_Factory_HF05ZVK_R1H_Phase2I_HF2,HF05ZVK-R1H Phase 2I HF2 / Canon Corpus P2A,[],[],[],[],PUBLISHED_CANONICAL,true,OWNER_SELECTABLE_WITH_PREREQUISITES,34,34,1,false,"{""source_anchor"":""line:13308"",""source_authority_sha256"":""4daf167cf634f27efef4dd2f1c8700bb4b7037cc6234c32be1af90aea5916385"",""source_file_sha256"":""67f67275889467d43605debaa0c05dc5ddde9ba079222819aabea27c66167775"",""source_pack"":""Tianxia_Factory_HF05ZVK_R1H_Phase2I_HF2"",""source_path"":""09_RULES/Source_Text/Tianxia_Sphere_Compendium_Latest_R0I_85Spheres.md"",""source_version"":""HF05ZVK-R1H Phase 2I HF2 / Canon Corpus P2A""}",f1d2240467f7e9dcfdf674df7a0861d62ad0e86468a0c5d78ff43c4b1cf603ac
tianxia.sphere.chains,tianxia.sphere.chains,tianxia.sphere.chains,null,Chains,chains,Sphere of Chains,14371,16421,98ece97108ad2ee02389205653e7d72469ecc1807489f7e385c0cad325e71d76,Tianxia_Factory_HF05ZVK_R1H_Phase2I_HF2,HF05ZVK-R1H Phase 2I HF2 / Canon Corpus P2A,[],"[""Chains / Meridian""]",[],[],PUBLISHED_CANONICAL,true,OWNER_SELECTABLE_WITH_PREREQUISITES,0,0,0,true,"{""source_anchor"":""line:14371"",""source_authority_sha256"":""4daf167cf634f27efef4dd2f1c8700bb4b7037cc6234c32be1af90aea5916385"",""source_file_sha256"":""67f67275889467d43605debaa0c05dc5ddde9ba079222819aabea27c66167775"",""source_pack"":""Tianxia_Factory_HF05ZVK_R1H_Phase2I_HF2"",""source_path"":""09_RULES/Source_Text/Tianxia_Sphere_Compendium_Latest_R0I_85Spheres.md"",""source_version"":""HF05ZVK-R1H Phase 2I HF2 / Canon Corpus P2A""}",0810a778db2545758ee6699e2594bdd96be659fd3cdafd6d7e7e5dc64e24c8c1
tianxia.sphere.daemonic_cultivation,tianxia.sphere.daemonic_cultivation,tianxia.sphere.daemonic_cultivation,null,Daemonic Cultivation,daemonic_cultivation,Sphere of Daemonic Cultivation,16422,17863,b6a8cbc5b38774a53286e859e22b8709e9f0eef92bab895e44e45353222c14f6,Tianxia_Factory_HF05ZVK_R1H_Phase2I_HF2,HF05ZVK-R1H Phase 2I HF2 / Canon Corpus P2A,[],[],[],[],PUBLISHED_CANONICAL,true,OWNER_SELECTABLE_WITH_PREREQUISITES,24,24,0,false,"{""source_anchor"":""line:16422"",""source_authority_sha256"":""4daf167cf634f27efef4dd2f1c8700bb4b7037cc6234c32be1af90aea5916385"",""source_file_sha256"":""67f67275889467d43605debaa0c05dc5ddde9ba079222819aabea27c66167775"",""source_pack"":""Tianxia_Factory_HF05ZVK_R1H_Phase2I_HF2"",""source_path"":""09_RULES/Source_Text/Tianxia_Sphere_Compendium_Latest_R0I_85Spheres.md"",""source_version"":""HF05ZVK-R1H Phase 2I HF2 / Canon Corpus P2A""}",e09a7b8238f6e208dc58a62efc91ae73085524951c17188aa9a1dd9ccdc8c489
tianxia.sphere.dark,tianxia.sphere.dark,tianxia.sphere.dark,null,Dark,dark,Sphere of Dark,17864,18587,a6a5e8201fa00facb1b236022e3aeb723be904d782b04fb9c8bf2c6e3fdd66e8,Tianxia_Factory_HF05ZVK_R1H_Phase2I_HF2,HF05ZVK-R1H Phase 2I HF2 / Canon Corpus P2A,[],[],[],[],PUBLISHED_CANONICAL,true,OWNER_SELECTABLE_WITH_PREREQUISITES,37,37,3,false,"{""source_anchor"":""line:17864"",""source_authority_sha256"":""4daf167cf634f27efef4dd2f1c8700bb4b7037cc6234c32be1af90aea5916385"",""source_file_sha256"":""67f67275889467d43605debaa0c05dc5ddde9ba079222819aabea27c66167775"",""source_pack"":""Tianxia_Factory_HF05ZVK_R1H_Phase2I_HF2"",""source_path"":""09_RULES/Source_Text/Tianxia_Sphere_Compendium_Latest_R0I_85Spheres.md"",""source_version"":""HF05ZVK-R1H Phase 2I HF2 / Canon Corpus P2A""}",64b088dc3e0a6eacd1d77bf42cf06719f13821e7d458a092f6a07384f6b8ec82
tianxia.sphere.death,tianxia.sphere.death,tianxia.sphere.death,null,Death,death,Sphere of Death,18588,20207,84427b3f0f375af6e149f9fe52ba8887358656219ba45fd5b6d1b3ae400b1afe,Tianxia_Factory_HF05ZVK_R1H_Phase2I_HF2,HF05ZVK-R1H Phase 2I HF2 / Canon Corpus P2A,[],[],[],[],PUBLISHED_CANONICAL,true,OWNER_SELECTABLE_WITH_PREREQUISITES,36,36,0,false,"{""source_anchor"":""line:18588"",""source_authority_sha256"":""4daf167cf634f27efef4dd2f1c8700bb4b7037cc6234c32be1af90aea5916385"",""source_file_sha256"":""67f67275889467d43605debaa0c05dc5ddde9ba079222819aabea27c66167775"",""source_pack"":""Tianxia_Factory_HF05ZVK_R1H_Phase2I_HF2"",""source_path"":""09_RULES/Source_Text/Tianxia_Sphere_Compendium_Latest_R0I_85Spheres.md"",""source_version"":""HF05ZVK-R1H Phase 2I HF2 / Canon Corpus P2A""}",c896fb34d333219ce2f0e0a0e22f5c2994f1d22c696202c260b51b510db176f3
tianxia.sphere.destruction,tianxia.sphere.destruction,tianxia.sphere.destruction,null,Destruction,destruction,Sphere of Destruction,20208,21441,0416ae4716602470d8c7623bae0e74c672cbe90be0f4304cbdae688b399f2414,Tianxia_Factory_HF05ZVK_R1H_Phase2I_HF2,HF05ZVK-R1H Phase 2I HF2 / Canon Corpus P2A,[],[],[],[],PUBLISHED_CANONICAL,true,OWNER_SELECTABLE_WITH_PREREQUISITES,0,0,0,true,"{""source_anchor"":""line:20208"",""source_authority_sha256"":""4daf167cf634f27efef4dd2f1c8700bb4b7037cc6234c32be1af90aea5916385"",""source_file_sha256"":""67f67275889467d43605debaa0c05dc5ddde9ba079222819aabea27c66167775"",""source_pack"":""Tianxia_Factory_HF05ZVK_R1H_Phase2I_HF2"",""source_path"":""09_RULES/Source_Text/Tianxia_Sphere_Compendium_Latest_R0I_85Spheres.md"",""source_version"":""HF05ZVK-R1H Phase 2I HF2 / Canon Corpus P2A""}",f29de66fa88aad75c19caa9424f5ba8ac44d205b135275af2c57ef01fbca9c74
tianxia.sphere.disease,tianxia.sphere.disease,tianxia.sphere.disease,null,Disease,disease,Sphere of Disease,21442,22824,c1cf09f1aae42381ba2779fb03ade51c74f0d2e87c9431a2ca677f1372b2c0c8,Tianxia_Factory_HF05ZVK_R1H_Phase2I_HF2,HF05ZVK-R1H Phase 2I HF2 / Canon Corpus P2A,[],[],[],[],PUBLISHED_CANONICAL,true,OWNER_SELECTABLE_WITH_PREREQUISITES,0,0,0,true,"{""source_anchor"":""line:21442"",""source_authority_sha256"":""4daf167cf634f27efef4dd2f1c8700bb4b7037cc6234c32be1af90aea5916385"",""source_file_sha256"":""67f67275889467d43605debaa0c05dc5ddde9ba079222819aabea27c66167775"",""source_pack"":""Tianxia_Factory_HF05ZVK_R1H_Phase2I_HF2"",""source_path"":""09_RULES/Source_Text/Tianxia_Sphere_Compendium_Latest_R0I_85Spheres.md"",""source_version"":""HF05ZVK-R1H Phase 2I HF2 / Canon Corpus P2A""}",21b6a7d926e627e60ea7d1cf142591e1e924a4b0e9b1cdcfb36b6b25b433edc8
tianxia.sphere.dreams,tianxia.sphere.dreams,tianxia.sphere.dreams,null,Dreams,dreams,Sphere of Dreams,22825,24067,d14369b1aeced79397c8d91763fde6eaa7e0f264b513b72f620b7d3378a4a8a7,Tianxia_Factory_HF05ZVK_R1H_Phase2I_HF2,HF05ZVK-R1H Phase 2I HF2 / Canon Corpus P2A,[],[],[],[],PUBLISHED_CANONICAL,true,OWNER_SELECTABLE_WITH_PREREQUISITES,13,13,3,false,"{""source_anchor"":""line:22825"",""source_authority_sha256"":""4daf167cf634f27efef4dd2f1c8700bb4b7037cc6234c32be1af90aea5916385"",""source_file_sha256"":""67f67275889467d43605debaa0c05dc5ddde9ba079222819aabea27c66167775"",""source_pack"":""Tianxia_Factory_HF05ZVK_R1H_Phase2I_HF2"",""source_path"":""09_RULES/Source_Text/Tianxia_Sphere_Compendium_Latest_R0I_85Spheres.md"",""source_version"":""HF05ZVK-R1H Phase 2I HF2 / Canon Corpus P2A""}",acb8df08ec6eaeb8b29db96ca680e54b819540b64e701b8b2b7ff29679d841ee
tianxia.sphere.drunken_style,tianxia.sphere.drunken_style,tianxia.sphere.drunken_style,null,Drunken Style,drunken_style,Sphere of Drunken Style,24068,25112,cd11513813c606fba72757637eae7438ea9bcf17a8eeb44e778facb3373fad5a,Tianxia_Factory_HF05ZVK_R1H_Phase2I_HF2,HF05ZVK-R1H Phase 2I HF2 / Canon Corpus P2A,[],[],[],[],PUBLISHED_CANONICAL,true,OWNER_SELECTABLE_WITH_PREREQUISITES,40,40,0,false,"{""source_anchor"":""line:24068"",""source_authority_sha256"":""4daf167cf634f27efef4dd2f1c8700bb4b7037cc6234c32be1af90aea5916385"",""source_file_sha256"":""67f67275889467d43605debaa0c05dc5ddde9ba079222819aabea27c66167775"",""source_pack"":""Tianxia_Factory_HF05ZVK_R1H_Phase2I_HF2"",""source_path"":""09_RULES/Source_Text/Tianxia_Sphere_Compendium_Latest_R0I_85Spheres.md"",""source_version"":""HF05ZVK-R1H Phase 2I HF2 / Canon Corpus P2A""}",7bc6ef78f3a52c1d00b24fe82624644d1ba5143028f2d9c2de40e4daa5ceca6a
tianxia.sphere.dual_wielding,tianxia.sphere.dual_wielding,tianxia.sphere.dual_wielding,null,Dual Wielding,dual_wielding,Sphere of Dual Wielding,25113,25754,6c093ceea6c6806f5ae647c51cf4de0967439eb5f40f1bc05bd59f514b03ae75,Tianxia_Factory_HF05ZVK_R1H_Phase2I_HF2,HF05ZVK-R1H Phase 2I HF2 / Canon Corpus P2A,[],[],[],[],PUBLISHED_CANONICAL,true,OWNER_SELECTABLE_WITH_PREREQUISITES,17,17,0,false,"{""source_anchor"":""line:25113"",""source_authority_sha256"":""4daf167cf634f27efef4dd2f1c8700bb4b7037cc6234c32be1af90aea5916385"",""source_file_sha256"":""67f67275889467d43605debaa0c05dc5ddde9ba079222819aabea27c66167775"",""source_pack"":""Tianxia_Factory_HF05ZVK_R1H_Phase2I_HF2"",""source_path"":""09_RULES/Source_Text/Tianxia_Sphere_Compendium_Latest_R0I_85Spheres.md"",""source_version"":""HF05ZVK-R1H Phase 2I HF2 / Canon Corpus P2A""}",0e6590053e059aca8bc6f2c1b4ff37a9607514ab83ce1893b0a23d8c236d436b
tianxia.sphere.earth,tianxia.sphere.earth,tianxia.sphere.earth,null,Earth,earth,Sphere of Earth,25755,27133,3afc2cf68474598a67cecaeecb775fcb390c46a57487e2f568c7afff51ed0520,Tianxia_Factory_HF05ZVK_R1H_Phase2I_HF2,HF05ZVK-R1H Phase 2I HF2 / Canon Corpus P2A,[],[],[],[],PUBLISHED_CANONICAL,true,OWNER_SELECTABLE_WITH_PREREQUISITES,35,35,0,false,"{""source_anchor"":""line:25755"",""source_authority_sha256"":""4daf167cf634f27efef4dd2f1c8700bb4b7037cc6234c32be1af90aea5916385"",""source_file_sha256"":""67f67275889467d43605debaa0c05dc5ddde9ba079222819aabea27c66167775"",""source_pack"":""Tianxia_Factory_HF05ZVK_R1H_Phase2I_HF2"",""source_path"":""09_RULES/Source_Text/Tianxia_Sphere_Compendium_Latest_R0I_85Spheres.md"",""source_version"":""HF05ZVK-R1H Phase 2I HF2 / Canon Corpus P2A""}",393fe805e36140ffd4ca4e54e07988638d8ea6161904975b0a9b98350e004e25
tianxia.sphere.equipment,tianxia.sphere.equipment,tianxia.sphere.equipment,null,Equipment,equipment,Sphere of Equipment,27134,27755,b09bac601352b1f5d6dc209562c51aa32f8b663c13be6d9452d7b2a1b25b1bb5,Tianxia_Factory_HF05ZVK_R1H_Phase2I_HF2,HF05ZVK-R1H Phase 2I HF2 / Canon Corpus P2A,[],[],[],[],PUBLISHED_CANONICAL,true,OWNER_SELECTABLE_WITH_PREREQUISITES,0,0,7,true,"{""source_anchor"":""line:27134"",""source_authority_sha256"":""4daf167cf634f27efef4dd2f1c8700bb4b7037cc6234c32be1af90aea5916385"",""source_file_sha256"":""67f67275889467d43605debaa0c05dc5ddde9ba079222819aabea27c66167775"",""source_pack"":""Tianxia_Factory_HF05ZVK_R1H_Phase2I_HF2"",""source_path"":""09_RULES/Source_Text/Tianxia_Sphere_Compendium_Latest_R0I_85Spheres.md"",""source_version"":""HF05ZVK-R1H Phase 2I HF2 / Canon Corpus P2A""}",50542370d5e0f76958d11cba11645e46053205e00991a65dd2f88385402446f8
tianxia.sphere.fate,tianxia.sphere.fate,tianxia.sphere.fate,null,Fate,fate,Sphere of Fate,27756,29411,06db78d6717dbc55de3677e23ea0a1ca7c6322a85015254881c3264b534287fb,Tianxia_Factory_HF05ZVK_R1H_Phase2I_HF2,HF05ZVK-R1H Phase 2I HF2 / Canon Corpus P2A,[],[],[],[],PUBLISHED_CANONICAL,true,OWNER_SELECTABLE_WITH_PREREQUISITES,49,49,0,false,"{""source_anchor"":""line:27756"",""source_authority_sha256"":""4daf167cf634f27efef4dd2f1c8700bb4b7037cc6234c32be1af90aea5916385"",""source_file_sha256"":""67f67275889467d43605debaa0c05dc5ddde9ba079222819aabea27c66167775"",""source_pack"":""Tianxia_Factory_HF05ZVK_R1H_Phase2I_HF2"",""source_path"":""09_RULES/Source_Text/Tianxia_Sphere_Compendium_Latest_R0I_85Spheres.md"",""source_version"":""HF05ZVK-R1H Phase 2I HF2 / Canon Corpus P2A""}",2e4b9843a4200e6c0f2302f72ec5cfe6748f5b9d101d0bc6a124fa3a5c416521
tianxia.sphere.fire,tianxia.sphere.fire,tianxia.sphere.fire,null,Fire,fire,Sphere of Fire,29412,30502,035ae11a291a6edd2764b43bf737f5a4a7c3eb4d8c3946eacae7eeed02c5901f,Tianxia_Factory_HF05ZVK_R1H_Phase2I_HF2,HF05ZVK-R1H Phase 2I HF2 / Canon Corpus P2A,[],[],[],[],PUBLISHED_CANONICAL,true,OWNER_SELECTABLE_WITH_PREREQUISITES,7,7,0,false,"{""source_anchor"":""line:29412"",""source_authority_sha256"":""4daf167cf634f27efef4dd2f1c8700bb4b7037cc6234c32be1af90aea5916385"",""source_file_sha256"":""67f67275889467d43605debaa0c05dc5ddde9ba079222819aabea27c66167775"",""source_pack"":""Tianxia_Factory_HF05ZVK_R1H_Phase2I_HF2"",""source_path"":""09_RULES/Source_Text/Tianxia_Sphere_Compendium_Latest_R0I_85Spheres.md"",""source_version"":""HF05ZVK-R1H Phase 2I HF2 / Canon Corpus P2A""}",4ef33d61bb06e1a45d1512f4bb76d22accb837639cdc35428868363bec10d29c
tianxia.sphere.flowers,tianxia.sphere.flowers,tianxia.sphere.flowers,null,Flowers,flowers,Sphere of Flowers,30503,31499,a9edb28b3a45fba91f93c06ff51e43fe369f824bec7b622e2ae9df624a9b7a4a,Tianxia_Factory_HF05ZVK_R1H_Phase2I_HF2,HF05ZVK-R1H Phase 2I HF2 / Canon Corpus P2A,[],[],[],[],PUBLISHED_CANONICAL,true,OWNER_SELECTABLE_WITH_PREREQUISITES,20,20,0,false,"{""source_anchor"":""line:30503"",""source_authority_sha256"":""4daf167cf634f27efef4dd2f1c8700bb4b7037cc6234c32be1af90aea5916385"",""source_file_sha256"":""67f67275889467d43605debaa0c05dc5ddde9ba079222819aabea27c66167775"",""source_pack"":""Tianxia_Factory_HF05ZVK_R1H_Phase2I_HF2"",""source_path"":""09_RULES/Source_Text/Tianxia_Sphere_Compendium_Latest_R0I_85Spheres.md"",""source_version"":""HF05ZVK-R1H Phase 2I HF2 / Canon Corpus P2A""}",7accbe1ed8fb77b651be13d7b90a30c4815f794a3bfc9d8a3127feea6bde54af
tianxia.sphere.flowing_river,tianxia.sphere.flowing_river,tianxia.sphere.flowing_river,null,Flowing River,flowing_river,Sphere of Flowing River,31500,32207,0a59b281bbf71b5907e51d22ab50e22ecf6e741fd018175dd6c43d1828d5a269,Tianxia_Factory_HF05ZVK_R1H_Phase2I_HF2,HF05ZVK-R1H Phase 2I HF2 / Canon Corpus P2A,[],[],[],[],PUBLISHED_CANONICAL,true,OWNER_SELECTABLE_WITH_PREREQUISITES,30,30,3,false,"{""source_anchor"":""line:31500"",""source_authority_sha256"":""4daf167cf634f27efef4dd2f1c8700bb4b7037cc6234c32be1af90aea5916385"",""source_file_sha256"":""67f67275889467d43605debaa0c05dc5ddde9ba079222819aabea27c66167775"",""source_pack"":""Tianxia_Factory_HF05ZVK_R1H_Phase2I_HF2"",""source_path"":""09_RULES/Source_Text/Tianxia_Sphere_Compendium_Latest_R0I_85Spheres.md"",""source_version"":""HF05ZVK-R1H Phase 2I HF2 / Canon Corpus P2A""}",eeb371973a6ea551d99b4482b5a005107de120a40b9cfe490b59a9c9bc510ecd
tianxia.sphere.force,tianxia.sphere.force,tianxia.sphere.force,null,Force,force,Sphere of Force,32208,33541,5f145fa47fa583c9b2d15dac9b740e629775b2e690d0b0aa3663b0e7d72d73c6,Tianxia_Factory_HF05ZVK_R1H_Phase2I_HF2,HF05ZVK-R1H Phase 2I HF2 / Canon Corpus P2A,[],[],[],[],PUBLISHED_CANONICAL,true,OWNER_SELECTABLE_WITH_PREREQUISITES,30,30,0,false,"{""source_anchor"":""line:32208"",""source_authority_sha256"":""4daf167cf634f27efef4dd2f1c8700bb4b7037cc6234c32be1af90aea5916385"",""source_file_sha256"":""67f67275889467d43605debaa0c05dc5ddde9ba079222819aabea27c66167775"",""source_pack"":""Tianxia_Factory_HF05ZVK_R1H_Phase2I_HF2"",""source_path"":""09_RULES/Source_Text/Tianxia_Sphere_Compendium_Latest_R0I_85Spheres.md"",""source_version"":""HF05ZVK-R1H Phase 2I HF2 / Canon Corpus P2A""}",f3957b0b6e8c53fe12afbadc8a60faeb96f77f67efd86697aecbc4da94f6f23a
tianxia.sphere.formations,tianxia.sphere.formations,tianxia.sphere.formations,null,Formations,formations,Sphere of Formations,33542,34878,6f47f245e5cc6399c1ee3906bb4720fc7f7d3ee48862db85d145310a86b3f09a,Tianxia_Factory_HF05ZVK_R1H_Phase2I_HF2,HF05ZVK-R1H Phase 2I HF2 / Canon Corpus P2A,[],[],[],[],PUBLISHED_CANONICAL,true,OWNER_SELECTABLE_WITH_PREREQUISITES,0,0,0,true,"{""source_anchor"":""line:33542"",""source_authority_sha256"":""4daf167cf634f27efef4dd2f1c8700bb4b7037cc6234c32be1af90aea5916385"",""source_file_sha256"":""67f67275889467d43605debaa0c05dc5ddde9ba079222819aabea27c66167775"",""source_pack"":""Tianxia_Factory_HF05ZVK_R1H_Phase2I_HF2"",""source_path"":""09_RULES/Source_Text/Tianxia_Sphere_Compendium_Latest_R0I_85Spheres.md"",""source_version"":""HF05ZVK-R1H Phase 2I HF2 / Canon Corpus P2A""}",58e717ea6b96ecde1d4aa215b01a95ca689aec753c48f142c78459d7d36412f8
tianxia.sphere.glass,tianxia.sphere.glass,tianxia.sphere.glass,null,Glass,glass,Sphere of Glass,34879,35944,e451b3f690a8b36f0671c48c214ab7ef91a803c6f5936615ca6b1ca0daaff47a,Tianxia_Factory_HF05ZVK_R1H_Phase2I_HF2,HF05ZVK-R1H Phase 2I HF2 / Canon Corpus P2A,[],[],[],[],PUBLISHED_CANONICAL,true,OWNER_SELECTABLE_WITH_PREREQUISITES,32,32,0,false,"{""source_anchor"":""line:34879"",""source_authority_sha256"":""4daf167cf634f27efef4dd2f1c8700bb4b7037cc6234c32be1af90aea5916385"",""source_file_sha256"":""67f67275889467d43605debaa0c05dc5ddde9ba079222819aabea27c66167775"",""source_pack"":""Tianxia_Factory_HF05ZVK_R1H_Phase2I_HF2"",""source_path"":""09_RULES/Source_Text/Tianxia_Sphere_Compendium_Latest_R0I_85Spheres.md"",""source_version"":""HF05ZVK-R1H Phase 2I HF2 / Canon Corpus P2A""}",268c152f1bff09f5f48ec6d469c3c490df213da3a4d84c22f19a40a811ba9b9b
tianxia.sphere.gravity,tianxia.sphere.gravity,tianxia.sphere.gravity,null,Gravity,gravity,Sphere of Gravity,35945,37170,74ec9144d4a712cd34c5f1c481dedd92051d99cbf368f9e4ac7c73da1313da6a,Tianxia_Factory_HF05ZVK_R1H_Phase2I_HF2,HF05ZVK-R1H Phase 2I HF2 / Canon Corpus P2A,[],[],[],[],PUBLISHED_CANONICAL,true,OWNER_SELECTABLE_WITH_PREREQUISITES,6,6,0,false,"{""source_anchor"":""line:35945"",""source_authority_sha256"":""4daf167cf634f27efef4dd2f1c8700bb4b7037cc6234c32be1af90aea5916385"",""source_file_sha256"":""67f67275889467d43605debaa0c05dc5ddde9ba079222819aabea27c66167775"",""source_pack"":""Tianxia_Factory_HF05ZVK_R1H_Phase2I_HF2"",""source_path"":""09_RULES/Source_Text/Tianxia_Sphere_Compendium_Latest_R0I_85Spheres.md"",""source_version"":""HF05ZVK-R1H Phase 2I HF2 / Canon Corpus P2A""}",a387a8566b143a11aba236a24f5649c498d2c64f5aa8bc7ea434e49df349180e
tianxia.sphere.guardian,tianxia.sphere.guardian,tianxia.sphere.guardian,null,Guardian,guardian,Sphere of Guardian,37171,38360,d091017d76184472befd320ab4a9191a08ed698785cc5551cd0bbf4cb6a24078,Tianxia_Factory_HF05ZVK_R1H_Phase2I_HF2,HF05ZVK-R1H Phase 2I HF2 / Canon Corpus P2A,[],[],[],[],PUBLISHED_CANONICAL,true,OWNER_SELECTABLE_WITH_PREREQUISITES,30,30,0,false,"{""source_anchor"":""line:37171"",""source_authority_sha256"":""4daf167cf634f27efef4dd2f1c8700bb4b7037cc6234c32be1af90aea5916385"",""source_file_sha256"":""67f67275889467d43605debaa0c05dc5ddde9ba079222819aabea27c66167775"",""source_pack"":""Tianxia_Factory_HF05ZVK_R1H_Phase2I_HF2"",""source_path"":""09_RULES/Source_Text/Tianxia_Sphere_Compendium_Latest_R0I_85Spheres.md"",""source_version"":""HF05ZVK-R1H Phase 2I HF2 / Canon Corpus P2A""}",064d65796bebaf2c195997abf2352c73f848d472ce8dd68ef739cdf6fb418050
tianxia.sphere.harvesting_gathering,tianxia.sphere.harvesting_gathering,tianxia.sphere.harvesting_gathering,null,Harvesting Gathering,harvesting_gathering,Sphere of Harvesting Gathering,38361,39584,2f5b8c84592a5db9bd408b89f47cc5d7ae091c362065dae88dd254508cd5e4b2,Tianxia_Factory_HF05ZVK_R1H_Phase2I_HF2,HF05ZVK-R1H Phase 2I HF2 / Canon Corpus P2A,"[""Gathering"",""Harvesting"",""Harvesting and Gathering"",""Harvesting-Gathering"",""Herb-Gathering""]",[],[],[],PUBLISHED_CANONICAL,true,OWNER_SELECTABLE_WITH_PREREQUISITES,0,0,0,true,"{""source_anchor"":""line:38361"",""source_authority_sha256"":""4daf167cf634f27efef4dd2f1c8700bb4b7037cc6234c32be1af90aea5916385"",""source_file_sha256"":""67f67275889467d43605debaa0c05dc5ddde9ba079222819aabea27c66167775"",""source_pack"":""Tianxia_Factory_HF05ZVK_R1H_Phase2I_HF2"",""source_path"":""09_RULES/Source_Text/Tianxia_Sphere_Compendium_Latest_R0I_85Spheres.md"",""source_version"":""HF05ZVK-R1H Phase 2I HF2 / Canon Corpus P2A""}",5a328fddf1ed9ce1609902333b7be63867c1c12175d69b2bd4e41d16f3eece3e
tianxia.sphere.hunger,tianxia.sphere.hunger,tianxia.sphere.hunger,null,Hunger,hunger,Sphere of Hunger,40722,42127,9c6098c2082a8f0809a81ded8640908a3e6951fe66676d99bf0eeb6292195477,Tianxia_Factory_HF05ZVK_R1H_Phase2I_HF2,HF05ZVK-R1H Phase 2I HF2 / Canon Corpus P2A,[],[],[],[],PUBLISHED_CANONICAL,true,OWNER_SELECTABLE_WITH_PREREQUISITES,0,0,0,true,"{""source_anchor"":""line:40722"",""source_authority_sha256"":""4daf167cf634f27efef4dd2f1c8700bb4b7037cc6234c32be1af90aea5916385"",""source_file_sha256"":""67f67275889467d43605debaa0c05dc5ddde9ba079222819aabea27c66167775"",""source_pack"":""Tianxia_Factory_HF05ZVK_R1H_Phase2I_HF2"",""source_path"":""09_RULES/Source_Text/Tianxia_Sphere_Compendium_Latest_R0I_85Spheres.md"",""source_version"":""HF05ZVK-R1H Phase 2I HF2 / Canon Corpus P2A""}",7c0e0fa074baab2876013aaaaa01e38b35ed13a53eb6002405500bfed774378b
tianxia.sphere.ice,tianxia.sphere.ice,tianxia.sphere.ice,null,Ice,ice,Sphere of Ice,42128,43153,f828a7d3c1d2f995e947c6dac0f963d72a02980a345b68dd7b6999015da60783,Tianxia_Factory_HF05ZVK_R1H_Phase2I_HF2,HF05ZVK-R1H Phase 2I HF2 / Canon Corpus P2A,[],[],[],[],PUBLISHED_CANONICAL,true,OWNER_SELECTABLE_WITH_PREREQUISITES,30,30,0,false,"{""source_anchor"":""line:42128"",""source_authority_sha256"":""4daf167cf634f27efef4dd2f1c8700bb4b7037cc6234c32be1af90aea5916385"",""source_file_sha256"":""67f67275889467d43605debaa0c05dc5ddde9ba079222819aabea27c66167775"",""source_pack"":""Tianxia_Factory_HF05ZVK_R1H_Phase2I_HF2"",""source_path"":""09_RULES/Source_Text/Tianxia_Sphere_Compendium_Latest_R0I_85Spheres.md"",""source_version"":""HF05ZVK-R1H Phase 2I HF2 / Canon Corpus P2A""}",82f9dabc3a9cc663b2b3ab60391bf4e83f72770caae4378ccfae1f8b454ed615
tianxia.sphere.illusion,tianxia.sphere.illusion,tianxia.sphere.illusion,null,Illusion,illusion,Sphere of Illusion,43154,44444,d15b5a580019690eacea61b216b9eca35597ec7439ec6654150dbe0d23931e17,Tianxia_Factory_HF05ZVK_R1H_Phase2I_HF2,HF05ZVK-R1H Phase 2I HF2 / Canon Corpus P2A,[],[],[],[],PUBLISHED_CANONICAL,true,OWNER_SELECTABLE_WITH_PREREQUISITES,18,18,0,false,"{""source_anchor"":""line:43154"",""source_authority_sha256"":""4daf167cf634f27efef4dd2f1c8700bb4b7037cc6234c32be1af90aea5916385"",""source_file_sha256"":""67f67275889467d43605debaa0c05dc5ddde9ba079222819aabea27c66167775"",""source_pack"":""Tianxia_Factory_HF05ZVK_R1H_Phase2I_HF2"",""source_path"":""09_RULES/Source_Text/Tianxia_Sphere_Compendium_Latest_R0I_85Spheres.md"",""source_version"":""HF05ZVK-R1H Phase 2I HF2 / Canon Corpus P2A""}",00b82006f30f3e33378ac8e080215efc39917d10b47544b1eb6b1e4d176d5e7a
tianxia.sphere.imbuement,tianxia.sphere.imbuement,tianxia.sphere.imbuement,null,Imbuement,imbuement,Sphere of Imbuement,44445,45469,433772070a1bb8d4ab6a95ac5e77aca16c7b2e0fa123316deb9c0413ca288877,Tianxia_Factory_HF05ZVK_R1H_Phase2I_HF2,HF05ZVK-R1H Phase 2I HF2 / Canon Corpus P2A,[],"[""Chakra Imbuement""]",[],[],PUBLISHED_CANONICAL,true,OWNER_SELECTABLE_WITH_PREREQUISITES,0,0,0,true,"{""source_anchor"":""line:44445"",""source_authority_sha256"":""4daf167cf634f27efef4dd2f1c8700bb4b7037cc6234c32be1af90aea5916385"",""source_file_sha256"":""67f67275889467d43605debaa0c05dc5ddde9ba079222819aabea27c66167775"",""source_pack"":""Tianxia_Factory_HF05ZVK_R1H_Phase2I_HF2"",""source_path"":""09_RULES/Source_Text/Tianxia_Sphere_Compendium_Latest_R0I_85Spheres.md"",""source_version"":""HF05ZVK-R1H Phase 2I HF2 / Canon Corpus P2A""}",0a4c329930fd4f7aa4baed364c6b51ad07db1b9a690720634d73ece1583f814c
tianxia.sphere.ink,tianxia.sphere.ink,tianxia.sphere.ink,null,Ink,ink,Sphere of Ink,45470,46617,6ffce614f8ddff8e28173c5fa7ef1665d5ee3c5b992457cd526b7ba8de73f6fb,Tianxia_Factory_HF05ZVK_R1H_Phase2I_HF2,HF05ZVK-R1H Phase 2I HF2 / Canon Corpus P2A,[],[],[],[],PUBLISHED_CANONICAL,true,OWNER_SELECTABLE_WITH_PREREQUISITES,0,0,5,true,"{""source_anchor"":""line:45470"",""source_authority_sha256"":""4daf167cf634f27efef4dd2f1c8700bb4b7037cc6234c32be1af90aea5916385"",""source_file_sha256"":""67f67275889467d43605debaa0c05dc5ddde9ba079222819aabea27c66167775"",""source_pack"":""Tianxia_Factory_HF05ZVK_R1H_Phase2I_HF2"",""source_path"":""09_RULES/Source_Text/Tianxia_Sphere_Compendium_Latest_R0I_85Spheres.md"",""source_version"":""HF05ZVK-R1H Phase 2I HF2 / Canon Corpus P2A""}",98b9848e27ae9c39725562d34459dd48a6c45b344f0e7b18a16fec88d1ffe448
tianxia.sphere.iron_fist,tianxia.sphere.iron_fist,tianxia.sphere.iron_fist,null,Iron Fist,iron_fist,Sphere of Iron Fist,46618,48003,fe21f7dd85e82e1f87f9c90ad14b1a5846a58c7100fa874ef94c2cc03fb1c02e,Tianxia_Factory_HF05ZVK_R1H_Phase2I_HF2,HF05ZVK-R1H Phase 2I HF2 / Canon Corpus P2A,[],[],[],[],PUBLISHED_CANONICAL,true,OWNER_SELECTABLE_WITH_PREREQUISITES,48,48,2,false,"{""source_anchor"":""line:46618"",""source_authority_sha256"":""4daf167cf634f27efef4dd2f1c8700bb4b7037cc6234c32be1af90aea5916385"",""source_file_sha256"":""67f67275889467d43605debaa0c05dc5ddde9ba079222819aabea27c66167775"",""source_pack"":""Tianxia_Factory_HF05ZVK_R1H_Phase2I_HF2"",""source_path"":""09_RULES/Source_Text/Tianxia_Sphere_Compendium_Latest_R0I_85Spheres.md"",""source_version"":""HF05ZVK-R1H Phase 2I HF2 / Canon Corpus P2A""}",054b423fb309e6a4d93c08c17e5aa16e4de1e5154f281c1a5ebf4ce0f9bd343e
tianxia.sphere.jester,tianxia.sphere.jester,tianxia.sphere.jester,null,Jester,jester,Sphere of Jester,48004,49137,c414a4759e91c38e7e3270ad68a11a29898f658ee7723d29fbcb8c798ccdb8c9,Tianxia_Factory_HF05ZVK_R1H_Phase2I_HF2,HF05ZVK-R1H Phase 2I HF2 / Canon Corpus P2A,[],[],[],[],PUBLISHED_CANONICAL,true,OWNER_SELECTABLE_WITH_PREREQUISITES,0,0,1,true,"{""source_anchor"":""line:48004"",""source_authority_sha256"":""4daf167cf634f27efef4dd2f1c8700bb4b7037cc6234c32be1af90aea5916385"",""source_file_sha256"":""67f67275889467d43605debaa0c05dc5ddde9ba079222819aabea27c66167775"",""source_pack"":""Tianxia_Factory_HF05ZVK_R1H_Phase2I_HF2"",""source_path"":""09_RULES/Source_Text/Tianxia_Sphere_Compendium_Latest_R0I_85Spheres.md"",""source_version"":""HF05ZVK-R1H Phase 2I HF2 / Canon Corpus P2A""}",6e471004277fc8b06d81950b3011abc2b67e070d79555325d1270b0551db49cf
tianxia.sphere.karma,tianxia.sphere.karma,tianxia.sphere.karma,null,Karma,karma,Sphere of Karma,49138,50687,795e8d4072c4b7e4c97b107e83241157ebe3d2101d971fe001446d5be72082b6,Tianxia_Factory_HF05ZVK_R1H_Phase2I_HF2,HF05ZVK-R1H Phase 2I HF2 / Canon Corpus P2A,[],[],[],[],PUBLISHED_CANONICAL,true,OWNER_SELECTABLE_WITH_PREREQUISITES,1,1,1,false,"{""source_anchor"":""line:49138"",""source_authority_sha256"":""4daf167cf634f27efef4dd2f1c8700bb4b7037cc6234c32be1af90aea5916385"",""source_file_sha256"":""67f67275889467d43605debaa0c05dc5ddde9ba079222819aabea27c66167775"",""source_pack"":""Tianxia_Factory_HF05ZVK_R1H_Phase2I_HF2"",""source_path"":""09_RULES/Source_Text/Tianxia_Sphere_Compendium_Latest_R0I_85Spheres.md"",""source_version"":""HF05ZVK-R1H Phase 2I HF2 / Canon Corpus P2A""}",65868a24f666c34534f6da001ccd7a81ce1ea54415e77b4c577e4ab624a0b2a4
tianxia.sphere.life,tianxia.sphere.life,tianxia.sphere.life,null,Life,life,Sphere of Life,50688,52031,4a1ed996551c154b6f9cf2bb4f291b684edeec748d82197e6fb86137ee12cb4f,Tianxia_Factory_HF05ZVK_R1H_Phase2I_HF2,HF05ZVK-R1H Phase 2I HF2 / Canon Corpus P2A,[],[],[],[],PUBLISHED_CANONICAL,true,OWNER_SELECTABLE_WITH_PREREQUISITES,0,0,1,true,"{""source_anchor"":""line:50688"",""source_authority_sha256"":""4daf167cf634f27efef4dd2f1c8700bb4b7037cc6234c32be1af90aea5916385"",""source_file_sha256"":""67f67275889467d43605debaa0c05dc5ddde9ba079222819aabea27c66167775"",""source_pack"":""Tianxia_Factory_HF05ZVK_R1H_Phase2I_HF2"",""source_path"":""09_RULES/Source_Text/Tianxia_Sphere_Compendium_Latest_R0I_85Spheres.md"",""source_version"":""HF05ZVK-R1H Phase 2I HF2 / Canon Corpus P2A""}",9345c9a1e035e5c69600b88172be2bd8c9faeffd04872707ba739ea88df3fa90
tianxia.sphere.lightning,tianxia.sphere.lightning,tianxia.sphere.lightning,null,Lightning,lightning,Sphere of Lightning,52032,53360,b00033bb633ed554d5b7ad9d163bff3ecbe928e288b7fd54e0af0a7898d49820,Tianxia_Factory_HF05ZVK_R1H_Phase2I_HF2,HF05ZVK-R1H Phase 2I HF2 / Canon Corpus P2A,[],[],[],[],PUBLISHED_CANONICAL,true,OWNER_SELECTABLE_WITH_PREREQUISITES,44,44,0,false,"{""source_anchor"":""line:52032"",""source_authority_sha256"":""4daf167cf634f27efef4dd2f1c8700bb4b7037cc6234c32be1af90aea5916385"",""source_file_sha256"":""67f67275889467d43605debaa0c05dc5ddde9ba079222819aabea27c66167775"",""source_pack"":""Tianxia_Factory_HF05ZVK_R1H_Phase2I_HF2"",""source_path"":""09_RULES/Source_Text/Tianxia_Sphere_Compendium_Latest_R0I_85Spheres.md"",""source_version"":""HF05ZVK-R1H Phase 2I HF2 / Canon Corpus P2A""}",10ecaaacc80e07ab3900c5abeabf8f331f4128c5edbe8c1be6f76567af401db4
tianxia.sphere.magma,tianxia.sphere.magma,tianxia.sphere.magma,null,Magma,magma,Sphere of Magma,53361,55127,b4d62adaa66dd637ba15c3ca761314ebaa43823b9368a1e4e0b586f9807220d6,Tianxia_Factory_HF05ZVK_R1H_Phase2I_HF2,HF05ZVK-R1H Phase 2I HF2 / Canon Corpus P2A,[],[],[],[],PUBLISHED_CANONICAL,true,OWNER_SELECTABLE_WITH_PREREQUISITES,29,29,0,false,"{""source_anchor"":""line:53361"",""source_authority_sha256"":""4daf167cf634f27efef4dd2f1c8700bb4b7037cc6234c32be1af90aea5916385"",""source_file_sha256"":""67f67275889467d43605debaa0c05dc5ddde9ba079222819aabea27c66167775"",""source_pack"":""Tianxia_Factory_HF05ZVK_R1H_Phase2I_HF2"",""source_path"":""09_RULES/Source_Text/Tianxia_Sphere_Compendium_Latest_R0I_85Spheres.md"",""source_version"":""HF05ZVK-R1H Phase 2I HF2 / Canon Corpus P2A""}",bafe4f82d2482d671957533232725a47051dd33ae52a08ff4c760bab7b6f268d
tianxia.sphere.metal,tianxia.sphere.metal,tianxia.sphere.metal,null,Metal,metal,Sphere of Metal,55128,56797,0877582e1c67859cf276f7a900483613c3f531d46a5f1ff82a64e9ea31e32603,Tianxia_Factory_HF05ZVK_R1H_Phase2I_HF2,HF05ZVK-R1H Phase 2I HF2 / Canon Corpus P2A,[],[],[],[],PUBLISHED_CANONICAL,true,OWNER_SELECTABLE_WITH_PREREQUISITES,30,30,0,false,"{""source_anchor"":""line:55128"",""source_authority_sha256"":""4daf167cf634f27efef4dd2f1c8700bb4b7037cc6234c32be1af90aea5916385"",""source_file_sha256"":""67f67275889467d43605debaa0c05dc5ddde9ba079222819aabea27c66167775"",""source_pack"":""Tianxia_Factory_HF05ZVK_R1H_Phase2I_HF2"",""source_path"":""09_RULES/Source_Text/Tianxia_Sphere_Compendium_Latest_R0I_85Spheres.md"",""source_version"":""HF05ZVK-R1H Phase 2I HF2 / Canon Corpus P2A""}",dd04828bcea08811587a428aaa40785719cbb3963acb7e3f1b2fc6508868e12e
tianxia.sphere.monkey_style,tianxia.sphere.monkey_style,tianxia.sphere.monkey_style,null,Monkey Style,monkey_style,Sphere of Monkey Style,56798,58228,e0e17f5ae48b45659de4dade3d37a808e36f53fdd65fa41720df6c702c318193,Tianxia_Factory_HF05ZVK_R1H_Phase2I_HF2,HF05ZVK-R1H Phase 2I HF2 / Canon Corpus P2A,[],[],[],[],PUBLISHED_CANONICAL,true,OWNER_SELECTABLE_WITH_PREREQUISITES,25,25,0,false,"{""source_anchor"":""line:56798"",""source_authority_sha256"":""4daf167cf634f27efef4dd2f1c8700bb4b7037cc6234c32be1af90aea5916385"",""source_file_sha256"":""67f67275889467d43605debaa0c05dc5ddde9ba079222819aabea27c66167775"",""source_pack"":""Tianxia_Factory_HF05ZVK_R1H_Phase2I_HF2"",""source_path"":""09_RULES/Source_Text/Tianxia_Sphere_Compendium_Latest_R0I_85Spheres.md"",""source_version"":""HF05ZVK-R1H Phase 2I HF2 / Canon Corpus P2A""}",10048b0b6a0a9ad1a6ebf07085067145c057de95b70b46facc8ed8eaff1711ba
tianxia.sphere.music,tianxia.sphere.music,tianxia.sphere.music,null,Music,music,Sphere of Music,58229,59820,fa609ef7e1ece5600d2f1dd40ee129253f95959541bbc277f9c2b4cfc78ea17d,Tianxia_Factory_HF05ZVK_R1H_Phase2I_HF2,HF05ZVK-R1H Phase 2I HF2 / Canon Corpus P2A,[],[],[],[],PUBLISHED_CANONICAL,true,OWNER_SELECTABLE_WITH_PREREQUISITES,0,0,1,true,"{""source_anchor"":""line:58229"",""source_authority_sha256"":""4daf167cf634f27efef4dd2f1c8700bb4b7037cc6234c32be1af90aea5916385"",""source_file_sha256"":""67f67275889467d43605debaa0c05dc5ddde9ba079222819aabea27c66167775"",""source_pack"":""Tianxia_Factory_HF05ZVK_R1H_Phase2I_HF2"",""source_path"":""09_RULES/Source_Text/Tianxia_Sphere_Compendium_Latest_R0I_85Spheres.md"",""source_version"":""HF05ZVK-R1H Phase 2I HF2 / Canon Corpus P2A""}",08db25a3efa99477d841824bec378bc160b92f581b1079c98296c330620286af
tianxia.sphere.poison,tianxia.sphere.poison,tianxia.sphere.poison,null,Poison,poison,Sphere of Poison,60628,62089,1fd861bb52a4da7b5377dead27ef947a6269ae462009bc156b8b16080d5cd5ed,Tianxia_Factory_HF05ZVK_R1H_Phase2I_HF2,HF05ZVK-R1H Phase 2I HF2 / Canon Corpus P2A,[],[],[],[],PUBLISHED_CANONICAL,true,OWNER_SELECTABLE_WITH_PREREQUISITES,0,0,1,true,"{""source_anchor"":""line:60628"",""source_authority_sha256"":""4daf167cf634f27efef4dd2f1c8700bb4b7037cc6234c32be1af90aea5916385"",""source_file_sha256"":""67f67275889467d43605debaa0c05dc5ddde9ba079222819aabea27c66167775"",""source_pack"":""Tianxia_Factory_HF05ZVK_R1H_Phase2I_HF2"",""source_path"":""09_RULES/Source_Text/Tianxia_Sphere_Compendium_Latest_R0I_85Spheres.md"",""source_version"":""HF05ZVK-R1H Phase 2I HF2 / Canon Corpus P2A""}",fda2cbc273adb605068e92559db06a6a7918974ac19c74518853e7c3510f2638
tianxia.sphere.pressure_points,tianxia.sphere.pressure_points,tianxia.sphere.pressure_points,null,Pressure Points,pressure_points,Sphere of Pressure Points,62090,63267,518e693daf4cdcf5fbe15bf93fed1edbccbce1b8a3ec94dba27b2fa203cc6d65,Tianxia_Factory_HF05ZVK_R1H_Phase2I_HF2,HF05ZVK-R1H Phase 2I HF2 / Canon Corpus P2A,[],"[""Pressure Points / Meridian""]",[],[],PUBLISHED_CANONICAL,true,OWNER_SELECTABLE_WITH_PREREQUISITES,0,0,0,true,"{""source_anchor"":""line:62090"",""source_authority_sha256"":""4daf167cf634f27efef4dd2f1c8700bb4b7037cc6234c32be1af90aea5916385"",""source_file_sha256"":""67f67275889467d43605debaa0c05dc5ddde9ba079222819aabea27c66167775"",""source_pack"":""Tianxia_Factory_HF05ZVK_R1H_Phase2I_HF2"",""source_path"":""09_RULES/Source_Text/Tianxia_Sphere_Compendium_Latest_R0I_85Spheres.md"",""source_version"":""HF05ZVK-R1H Phase 2I HF2 / Canon Corpus P2A""}",aeb0fc053938eb399ec308027ac3bce6f76057b8fa044e4d11353c9269f0ee23
tianxia.sphere.protection,tianxia.sphere.protection,tianxia.sphere.protection,null,Protection,protection,Sphere of Protection,63268,64259,ce0a540447fab399659c3e56a148b9ad6c7c620b7c56d19a6a5e787bc4e62c9b,Tianxia_Factory_HF05ZVK_R1H_Phase2I_HF2,HF05ZVK-R1H Phase 2I HF2 / Canon Corpus P2A,[],[],[],[],PUBLISHED_CANONICAL,true,OWNER_SELECTABLE_WITH_PREREQUISITES,0,0,1,true,"{""source_anchor"":""line:63268"",""source_authority_sha256"":""4daf167cf634f27efef4dd2f1c8700bb4b7037cc6234c32be1af90aea5916385"",""source_file_sha256"":""67f67275889467d43605debaa0c05dc5ddde9ba079222819aabea27c66167775"",""source_pack"":""Tianxia_Factory_HF05ZVK_R1H_Phase2I_HF2"",""source_path"":""09_RULES/Source_Text/Tianxia_Sphere_Compendium_Latest_R0I_85Spheres.md"",""source_version"":""HF05ZVK-R1H Phase 2I HF2 / Canon Corpus P2A""}",a85df65f7cefdec50c00d2e28d8d0dbf1f7bc07457e07d5efca71fcbb739e89c
tianxia.sphere.puppetry,tianxia.sphere.puppetry,tianxia.sphere.puppetry,null,Puppetry,puppetry,Sphere of Puppetry,64260,65454,94b66314120e235b60f4aab9a19e063d9af525d643b3447776a160757eb0899b,Tianxia_Factory_HF05ZVK_R1H_Phase2I_HF2,HF05ZVK-R1H Phase 2I HF2 / Canon Corpus P2A,[],[],[],[],PUBLISHED_CANONICAL,true,OWNER_SELECTABLE_WITH_PREREQUISITES,0,0,2,true,"{""source_anchor"":""line:64260"",""source_authority_sha256"":""4daf167cf634f27efef4dd2f1c8700bb4b7037cc6234c32be1af90aea5916385"",""source_file_sha256"":""67f67275889467d43605debaa0c05dc5ddde9ba079222819aabea27c66167775"",""source_pack"":""Tianxia_Factory_HF05ZVK_R1H_Phase2I_HF2"",""source_path"":""09_RULES/Source_Text/Tianxia_Sphere_Compendium_Latest_R0I_85Spheres.md"",""source_version"":""HF05ZVK-R1H Phase 2I HF2 / Canon Corpus P2A""}",1d6e65da5cfd248367123d68cb045cecd1bd77062b10cdfbcca187e0f1f5b6d8
tianxia.sphere.qiweaving,tianxia.sphere.qiweaving,tianxia.sphere.qiweaving,null,Qiweaving,qiweaving,Sphere of Qiweaving,65455,66715,735068b0b601225c775397a3ffdfae133354a4b06e8791a85796798f0e377845,Tianxia_Factory_HF05ZVK_R1H_Phase2I_HF2,HF05ZVK-R1H Phase 2I HF2 / Canon Corpus P2A,[],[],[],[],PUBLISHED_CANONICAL,true,OWNER_SELECTABLE_WITH_PREREQUISITES,39,39,0,false,"{""source_anchor"":""line:65455"",""source_authority_sha256"":""4daf167cf634f27efef4dd2f1c8700bb4b7037cc6234c32be1af90aea5916385"",""source_file_sha256"":""67f67275889467d43605debaa0c05dc5ddde9ba079222819aabea27c66167775"",""source_pack"":""Tianxia_Factory_HF05ZVK_R1H_Phase2I_HF2"",""source_path"":""09_RULES/Source_Text/Tianxia_Sphere_Compendium_Latest_R0I_85Spheres.md"",""source_version"":""HF05ZVK-R1H Phase 2I HF2 / Canon Corpus P2A""}",be3f99e100689dbc891dfdbe0c045d1771f863de5fd4293bb5ac5eb359ed273c
tianxia.sphere.radiance,tianxia.sphere.radiance,tianxia.sphere.radiance,null,Radiance,radiance,Sphere of Radiance,66716,68255,b2f4f1eb1e95d2eaf782eb74ac772223878b463eeb6856de19e0892bf500a9e5,Tianxia_Factory_HF05ZVK_R1H_Phase2I_HF2,HF05ZVK-R1H Phase 2I HF2 / Canon Corpus P2A,[],[],[],[],PUBLISHED_CANONICAL,true,OWNER_SELECTABLE_WITH_PREREQUISITES,7,7,1,false,"{""source_anchor"":""line:66716"",""source_authority_sha256"":""4daf167cf634f27efef4dd2f1c8700bb4b7037cc6234c32be1af90aea5916385"",""source_file_sha256"":""67f67275889467d43605debaa0c05dc5ddde9ba079222819aabea27c66167775"",""source_pack"":""Tianxia_Factory_HF05ZVK_R1H_Phase2I_HF2"",""source_path"":""09_RULES/Source_Text/Tianxia_Sphere_Compendium_Latest_R0I_85Spheres.md"",""source_version"":""HF05ZVK-R1H Phase 2I HF2 / Canon Corpus P2A""}",6401660d06c6c3c6d157650b911fb1c2e950972df714fd4dcf1b3c0cc720bf7f
tianxia.sphere.retribution,tianxia.sphere.retribution,tianxia.sphere.retribution,null,Retribution,retribution,Sphere of Retribution,68256,69035,727e1de94b202bcee8365d6ba1ddeeec7811c83ae43c0aaea2bccfce176cac39,Tianxia_Factory_HF05ZVK_R1H_Phase2I_HF2,HF05ZVK-R1H Phase 2I HF2 / Canon Corpus P2A,[],[],[],[],PUBLISHED_CANONICAL,true,OWNER_SELECTABLE_WITH_PREREQUISITES,27,27,0,false,"{""source_anchor"":""line:68256"",""source_authority_sha256"":""4daf167cf634f27efef4dd2f1c8700bb4b7037cc6234c32be1af90aea5916385"",""source_file_sha256"":""67f67275889467d43605debaa0c05dc5ddde9ba079222819aabea27c66167775"",""source_pack"":""Tianxia_Factory_HF05ZVK_R1H_Phase2I_HF2"",""source_path"":""09_RULES/Source_Text/Tianxia_Sphere_Compendium_Latest_R0I_85Spheres.md"",""source_version"":""HF05ZVK-R1H Phase 2I HF2 / Canon Corpus P2A""}",baa00e4b779f637d5392656ca92953f64031ce8e4696f7578f1a89a6720ec7c2
tianxia.sphere.sabers,tianxia.sphere.sabers,tianxia.sphere.sabers,null,Sabers,sabers,Sphere of Sabers,69036,69985,5f5df1abac9b0a20ffa7f06074a25fd33b11e9278b07fdbee7490e5c426d393d,Tianxia_Factory_HF05ZVK_R1H_Phase2I_HF2,HF05ZVK-R1H Phase 2I HF2 / Canon Corpus P2A,[],[],[],[],PUBLISHED_CANONICAL,true,OWNER_SELECTABLE_WITH_PREREQUISITES,0,0,0,true,"{""source_anchor"":""line:69036"",""source_authority_sha256"":""4daf167cf634f27efef4dd2f1c8700bb4b7037cc6234c32be1af90aea5916385"",""source_file_sha256"":""67f67275889467d43605debaa0c05dc5ddde9ba079222819aabea27c66167775"",""source_pack"":""Tianxia_Factory_HF05ZVK_R1H_Phase2I_HF2"",""source_path"":""09_RULES/Source_Text/Tianxia_Sphere_Compendium_Latest_R0I_85Spheres.md"",""source_version"":""HF05ZVK-R1H Phase 2I HF2 / Canon Corpus P2A""}",43e10153ddfe433afc011788b39c91901c5903f3612c0d6e9afeb87e85d858d9
tianxia.sphere.sand,tianxia.sphere.sand,tianxia.sphere.sand,null,Sand,sand,Sphere of Sand,69986,71258,28db22ca7015723768676c219615be13dcb5858bd83777cb493bc20b3c0f0530,Tianxia_Factory_HF05ZVK_R1H_Phase2I_HF2,HF05ZVK-R1H Phase 2I HF2 / Canon Corpus P2A,[],[],[],[],PUBLISHED_CANONICAL,true,OWNER_SELECTABLE_WITH_PREREQUISITES,36,36,0,false,"{""source_anchor"":""line:69986"",""source_authority_sha256"":""4daf167cf634f27efef4dd2f1c8700bb4b7037cc6234c32be1af90aea5916385"",""source_file_sha256"":""67f67275889467d43605debaa0c05dc5ddde9ba079222819aabea27c66167775"",""source_pack"":""Tianxia_Factory_HF05ZVK_R1H_Phase2I_HF2"",""source_path"":""09_RULES/Source_Text/Tianxia_Sphere_Compendium_Latest_R0I_85Spheres.md"",""source_version"":""HF05ZVK-R1H Phase 2I HF2 / Canon Corpus P2A""}",6e28cc65232ea408fc7ad283f4051efb95db2fa34c8d51f1fdd9dd2c91c4de95
tianxia.sphere.scoundrel,tianxia.sphere.scoundrel,tianxia.sphere.scoundrel,null,Scoundrel,scoundrel,Sphere of Scoundrel,71259,72542,4255db95f0a7527559f1735970097770414827744f193d643b216b844abe7d90,Tianxia_Factory_HF05ZVK_R1H_Phase2I_HF2,HF05ZVK-R1H Phase 2I HF2 / Canon Corpus P2A,[],[],[],[],PUBLISHED_CANONICAL,true,OWNER_SELECTABLE_WITH_PREREQUISITES,36,36,5,false,"{""source_anchor"":""line:71259"",""source_authority_sha256"":""4daf167cf634f27efef4dd2f1c8700bb4b7037cc6234c32be1af90aea5916385"",""source_file_sha256"":""67f67275889467d43605debaa0c05dc5ddde9ba079222819aabea27c66167775"",""source_pack"":""Tianxia_Factory_HF05ZVK_R1H_Phase2I_HF2"",""source_path"":""09_RULES/Source_Text/Tianxia_Sphere_Compendium_Latest_R0I_85Spheres.md"",""source_version"":""HF05ZVK-R1H Phase 2I HF2 / Canon Corpus P2A""}",b1a3faf072e9113c0851365af913ec41be2303a7887fafc4b560e96aceef38e6
tianxia.sphere.sect_stewardship,tianxia.sphere.sect_stewardship,tianxia.sphere.sect_stewardship,null,Sect Stewardship,sect_stewardship,Sphere of Sect Stewardship,72543,73940,22990411e4cdc05d2c91a8cea9919f6a33c163411525a850b7c591ffe7c71b13,Tianxia_Factory_HF05ZVK_R1H_Phase2I_HF2,HF05ZVK-R1H Phase 2I HF2 / Canon Corpus P2A,"[""Sect Life""]",[],[],[],PUBLISHED_CANONICAL,true,OWNER_SELECTABLE_WITH_PREREQUISITES,31,31,4,false,"{""source_anchor"":""line:72543"",""source_authority_sha256"":""4daf167cf634f27efef4dd2f1c8700bb4b7037cc6234c32be1af90aea5916385"",""source_file_sha256"":""67f67275889467d43605debaa0c05dc5ddde9ba079222819aabea27c66167775"",""source_pack"":""Tianxia_Factory_HF05ZVK_R1H_Phase2I_HF2"",""source_path"":""09_RULES/Source_Text/Tianxia_Sphere_Compendium_Latest_R0I_85Spheres.md"",""source_version"":""HF05ZVK-R1H Phase 2I HF2 / Canon Corpus P2A""}",37c9e70b9fccb49c33edfb5f20cb707dcde464bffdb492ef6eafdfafb63ce0ce
tianxia.sphere.shadow,tianxia.sphere.shadow,tianxia.sphere.shadow,null,Shadow,shadow,Sphere of Shadow,73941,75007,d38ce6da27c9fd09cd594b710b44635fc1fdedf2342087d4d9d4b6c52bb4da2a,Tianxia_Factory_HF05ZVK_R1H_Phase2I_HF2,HF05ZVK-R1H Phase 2I HF2 / Canon Corpus P2A,[],[],[],[],PUBLISHED_CANONICAL,true,OWNER_SELECTABLE_WITH_PREREQUISITES,17,17,0,false,"{""source_anchor"":""line:73941"",""source_authority_sha256"":""4daf167cf634f27efef4dd2f1c8700bb4b7037cc6234c32be1af90aea5916385"",""source_file_sha256"":""67f67275889467d43605debaa0c05dc5ddde9ba079222819aabea27c66167775"",""source_pack"":""Tianxia_Factory_HF05ZVK_R1H_Phase2I_HF2"",""source_path"":""09_RULES/Source_Text/Tianxia_Sphere_Compendium_Latest_R0I_85Spheres.md"",""source_version"":""HF05ZVK-R1H Phase 2I HF2 / Canon Corpus P2A""}",5d4f187e4bbaccb38ebfe84492f03ea86670b567d4a9fee56bd9ad0dc69b46b6
tianxia.sphere.shield,tianxia.sphere.shield,tianxia.sphere.shield,null,Shield,shield,Sphere of Shield,75008,76403,8113737f2a7bc37b1527579d3860aca2f15a7326ba142fb2edd8006d5cd20220,Tianxia_Factory_HF05ZVK_R1H_Phase2I_HF2,HF05ZVK-R1H Phase 2I HF2 / Canon Corpus P2A,[],[],[],[],PUBLISHED_CANONICAL,true,OWNER_SELECTABLE_WITH_PREREQUISITES,35,35,0,false,"{""source_anchor"":""line:75008"",""source_authority_sha256"":""4daf167cf634f27efef4dd2f1c8700bb4b7037cc6234c32be1af90aea5916385"",""source_file_sha256"":""67f67275889467d43605debaa0c05dc5ddde9ba079222819aabea27c66167775"",""source_pack"":""Tianxia_Factory_HF05ZVK_R1H_Phase2I_HF2"",""source_path"":""09_RULES/Source_Text/Tianxia_Sphere_Compendium_Latest_R0I_85Spheres.md"",""source_version"":""HF05ZVK-R1H Phase 2I HF2 / Canon Corpus P2A""}",0b4ed63241f776696da274abdf606682d60395eb446a529337e6b548ba050128
tianxia.sphere.smoke,tianxia.sphere.smoke,tianxia.sphere.smoke,null,Smoke,smoke,Sphere of Smoke,76404,77341,039e5b059f2b2dc9090054cf36402b422f9ae321d64fb96a4abc7ff06081b205,Tianxia_Factory_HF05ZVK_R1H_Phase2I_HF2,HF05ZVK-R1H Phase 2I HF2 / Canon Corpus P2A,[],[],[],[],PUBLISHED_CANONICAL,true,OWNER_SELECTABLE_WITH_PREREQUISITES,31,31,0,false,"{""source_anchor"":""line:76404"",""source_authority_sha256"":""4daf167cf634f27efef4dd2f1c8700bb4b7037cc6234c32be1af90aea5916385"",""source_file_sha256"":""67f67275889467d43605debaa0c05dc5ddde9ba079222819aabea27c66167775"",""source_pack"":""Tianxia_Factory_HF05ZVK_R1H_Phase2I_HF2"",""source_path"":""09_RULES/Source_Text/Tianxia_Sphere_Compendium_Latest_R0I_85Spheres.md"",""source_version"":""HF05ZVK-R1H Phase 2I HF2 / Canon Corpus P2A""}",fed0b1a98287581298d706e71c8557cd65bd02ba25042914e1c7eba71abcde34
tianxia.sphere.sniper,tianxia.sphere.sniper,tianxia.sphere.sniper,null,Sniper,sniper,Sphere of Sniper,77342,78467,0db5e6b2698e5d3856a3e48a6c97e495dc10247e1f7c3fe7c787b9f67a48fd6a,Tianxia_Factory_HF05ZVK_R1H_Phase2I_HF2,HF05ZVK-R1H Phase 2I HF2 / Canon Corpus P2A,[],[],[],[],PUBLISHED_CANONICAL,true,OWNER_SELECTABLE_WITH_PREREQUISITES,40,40,1,false,"{""source_anchor"":""line:77342"",""source_authority_sha256"":""4daf167cf634f27efef4dd2f1c8700bb4b7037cc6234c32be1af90aea5916385"",""source_file_sha256"":""67f67275889467d43605debaa0c05dc5ddde9ba079222819aabea27c66167775"",""source_pack"":""Tianxia_Factory_HF05ZVK_R1H_Phase2I_HF2"",""source_path"":""09_RULES/Source_Text/Tianxia_Sphere_Compendium_Latest_R0I_85Spheres.md"",""source_version"":""HF05ZVK-R1H Phase 2I HF2 / Canon Corpus P2A""}",74db44ac144e3065b7525f8c04f1d7ac176e3bb100a75dc203765d4f13a3461c
tianxia.sphere.sound,tianxia.sphere.sound,tianxia.sphere.sound,null,Sound,sound,Sphere of Sound,78468,80008,3c35072596d10a8026d78d5fc56bfe76f7ccc6d6c68298bff315c4f123cc2056,Tianxia_Factory_HF05ZVK_R1H_Phase2I_HF2,HF05ZVK-R1H Phase 2I HF2 / Canon Corpus P2A,[],[],[],[],PUBLISHED_CANONICAL,true,OWNER_SELECTABLE_WITH_PREREQUISITES,38,38,0,false,"{""source_anchor"":""line:78468"",""source_authority_sha256"":""4daf167cf634f27efef4dd2f1c8700bb4b7037cc6234c32be1af90aea5916385"",""source_file_sha256"":""67f67275889467d43605debaa0c05dc5ddde9ba079222819aabea27c66167775"",""source_pack"":""Tianxia_Factory_HF05ZVK_R1H_Phase2I_HF2"",""source_path"":""09_RULES/Source_Text/Tianxia_Sphere_Compendium_Latest_R0I_85Spheres.md"",""source_version"":""HF05ZVK-R1H Phase 2I HF2 / Canon Corpus P2A""}",353814c85e88dca84220438e9e48a36afa37f79e1a5d8e4831a4744771fd5d9e
tianxia.sphere.source,tianxia.sphere.source,tianxia.sphere.source,null,Source,source,Sphere of Source,80009,81235,752ae7219fbb376cb83f7df913a510e126c20af674d8afc0c059b8efb98a0326,Tianxia_Factory_HF05ZVK_R1H_Phase2I_HF2,HF05ZVK-R1H Phase 2I HF2 / Canon Corpus P2A,[],[],[],[],PUBLISHED_CANONICAL,true,OWNER_SELECTABLE_WITH_PREREQUISITES,0,0,0,true,"{""source_anchor"":""line:80009"",""source_authority_sha256"":""4daf167cf634f27efef4dd2f1c8700bb4b7037cc6234c32be1af90aea5916385"",""source_file_sha256"":""67f67275889467d43605debaa0c05dc5ddde9ba079222819aabea27c66167775"",""source_pack"":""Tianxia_Factory_HF05ZVK_R1H_Phase2I_HF2"",""source_path"":""09_RULES/Source_Text/Tianxia_Sphere_Compendium_Latest_R0I_85Spheres.md"",""source_version"":""HF05ZVK-R1H Phase 2I HF2 / Canon Corpus P2A""}",a1a174bf71bae8cbe912226b7d3409378afa471892230381d5ef9c9707b9952d
tianxia.sphere.space,tianxia.sphere.space,tianxia.sphere.space,null,Space,space,Sphere of Space,81236,82707,f0a2431f76a6d3f0ad5e64293e3d3be18c058c949891bfa8e8d15ff8427c1aba,Tianxia_Factory_HF05ZVK_R1H_Phase2I_HF2,HF05ZVK-R1H Phase 2I HF2 / Canon Corpus P2A,[],[],[],[],PUBLISHED_CANONICAL,true,OWNER_SELECTABLE_WITH_PREREQUISITES,0,0,0,true,"{""source_anchor"":""line:81236"",""source_authority_sha256"":""4daf167cf634f27efef4dd2f1c8700bb4b7037cc6234c32be1af90aea5916385"",""source_file_sha256"":""67f67275889467d43605debaa0c05dc5ddde9ba079222819aabea27c66167775"",""source_pack"":""Tianxia_Factory_HF05ZVK_R1H_Phase2I_HF2"",""source_path"":""09_RULES/Source_Text/Tianxia_Sphere_Compendium_Latest_R0I_85Spheres.md"",""source_version"":""HF05ZVK-R1H Phase 2I HF2 / Canon Corpus P2A""}",5eb9d459256310064b1ecc58182fe15964b76ebebf6eb6a808d1a73944d75834
tianxia.sphere.spear,tianxia.sphere.spear,tianxia.sphere.spear,null,Spear,spear,Sphere of Spear,82708,83269,35d5d58c655ef272c0407cac41bf814a248d337bc93e55f6b2ab868141c3fc45,Tianxia_Factory_HF05ZVK_R1H_Phase2I_HF2,HF05ZVK-R1H Phase 2I HF2 / Canon Corpus P2A,[],[],[],[],PUBLISHED_CANONICAL,true,OWNER_SELECTABLE_WITH_PREREQUISITES,29,29,3,false,"{""source_anchor"":""line:82708"",""source_authority_sha256"":""4daf167cf634f27efef4dd2f1c8700bb4b7037cc6234c32be1af90aea5916385"",""source_file_sha256"":""67f67275889467d43605debaa0c05dc5ddde9ba079222819aabea27c66167775"",""source_pack"":""Tianxia_Factory_HF05ZVK_R1H_Phase2I_HF2"",""source_path"":""09_RULES/Source_Text/Tianxia_Sphere_Compendium_Latest_R0I_85Spheres.md"",""source_version"":""HF05ZVK-R1H Phase 2I HF2 / Canon Corpus P2A""}",70101b83a39796002152cd494f77486834d91d4a09d6c0e380058112142ab8c6
tianxia.sphere.spirit_companions,tianxia.sphere.spirit_companions,tianxia.sphere.spirit_companions,null,Spirit Companions,spirit_companions,Sphere of Spirit Companions,83270,85470,fc15d7b2095e1c861c2d1d5c844d9def7875a193e2a938fdb0e6a2bfef640060,Tianxia_Factory_HF05ZVK_R1H_Phase2I_HF2,HF05ZVK-R1H Phase 2I HF2 / Canon Corpus P2A,"[""Spirit Companions Possible Catalogue Name: Sphere of Spirit Companions""]",[],[],[],PUBLISHED_CANONICAL,true,OWNER_SELECTABLE_WITH_PREREQUISITES,0,0,5,true,"{""source_anchor"":""line:83270"",""source_authority_sha256"":""4daf167cf634f27efef4dd2f1c8700bb4b7037cc6234c32be1af90aea5916385"",""source_file_sha256"":""67f67275889467d43605debaa0c05dc5ddde9ba079222819aabea27c66167775"",""source_pack"":""Tianxia_Factory_HF05ZVK_R1H_Phase2I_HF2"",""source_path"":""09_RULES/Source_Text/Tianxia_Sphere_Compendium_Latest_R0I_85Spheres.md"",""source_version"":""HF05ZVK-R1H Phase 2I HF2 / Canon Corpus P2A""}",97d65c3a6a365a1795cd93a187dd1db3bfa08512d4c5b2bdf98205189e102c26
tianxia.sphere.stars,tianxia.sphere.stars,tianxia.sphere.stars,null,Stars,stars,Sphere of Stars,85471,87111,b7e8b36edbc9e4e3265c35dcd8f87e3829ab3cc3b54ba0256c4c9a5d717ed44f,Tianxia_Factory_HF05ZVK_R1H_Phase2I_HF2,HF05ZVK-R1H Phase 2I HF2 / Canon Corpus P2A,[],[],[],[],PUBLISHED_CANONICAL,true,OWNER_SELECTABLE_WITH_PREREQUISITES,6,6,0,false,"{""source_anchor"":""line:85471"",""source_authority_sha256"":""4daf167cf634f27efef4dd2f1c8700bb4b7037cc6234c32be1af90aea5916385"",""source_file_sha256"":""67f67275889467d43605debaa0c05dc5ddde9ba079222819aabea27c66167775"",""source_pack"":""Tianxia_Factory_HF05ZVK_R1H_Phase2I_HF2"",""source_path"":""09_RULES/Source_Text/Tianxia_Sphere_Compendium_Latest_R0I_85Spheres.md"",""source_version"":""HF05ZVK-R1H Phase 2I HF2 / Canon Corpus P2A""}",a43f20337081ae28fd005ad0506cc428e79d47521e78677e98d736df4b9741fb
tianxia.sphere.sword,tianxia.sphere.sword,tianxia.sphere.sword,null,Sword,sword,Sphere of Sword,87112,88367,6ec2f7a083fd86e51b34298a2b16884c568d67903d2427afa104be27420b15ec,Tianxia_Factory_HF05ZVK_R1H_Phase2I_HF2,HF05ZVK-R1H Phase 2I HF2 / Canon Corpus P2A,[],[],[],[],PUBLISHED_CANONICAL,true,OWNER_SELECTABLE_WITH_PREREQUISITES,25,25,2,false,"{""source_anchor"":""line:87112"",""source_authority_sha256"":""4daf167cf634f27efef4dd2f1c8700bb4b7037cc6234c32be1af90aea5916385"",""source_file_sha256"":""67f67275889467d43605debaa0c05dc5ddde9ba079222819aabea27c66167775"",""source_pack"":""Tianxia_Factory_HF05ZVK_R1H_Phase2I_HF2"",""source_path"":""09_RULES/Source_Text/Tianxia_Sphere_Compendium_Latest_R0I_85Spheres.md"",""source_version"":""HF05ZVK-R1H Phase 2I HF2 / Canon Corpus P2A""}",c1e1635cb2bffbd113c90d9d0a3ad24a599a3c13a303938fbcb060836611bd32
tianxia.sphere.talismans,tianxia.sphere.talismans,tianxia.sphere.talismans,null,Talismans,talismans,Sphere of Talismans,88368,89780,bf4c27868e9132a9702a43d7cb21ca419a03942dd75329faa36c16d9322e176d,Tianxia_Factory_HF05ZVK_R1H_Phase2I_HF2,HF05ZVK-R1H Phase 2I HF2 / Canon Corpus P2A,[],[],[],[],PUBLISHED_CANONICAL,true,OWNER_SELECTABLE_WITH_PREREQUISITES,0,0,3,true,"{""source_anchor"":""line:88368"",""source_authority_sha256"":""4daf167cf634f27efef4dd2f1c8700bb4b7037cc6234c32be1af90aea5916385"",""source_file_sha256"":""67f67275889467d43605debaa0c05dc5ddde9ba079222819aabea27c66167775"",""source_pack"":""Tianxia_Factory_HF05ZVK_R1H_Phase2I_HF2"",""source_path"":""09_RULES/Source_Text/Tianxia_Sphere_Compendium_Latest_R0I_85Spheres.md"",""source_version"":""HF05ZVK-R1H Phase 2I HF2 / Canon Corpus P2A""}",44420c1b94dfb7b026ac649082c3c6b34048501d5ddc4ad251ec8089e25efd72
tianxia.sphere.the_hidden_eye,tianxia.sphere.the_hidden_eye,tianxia.sphere.the_hidden_eye,null,The Hidden Eye,the_hidden_eye,Sphere of The Hidden Eye,39585,40721,d402efafbf6870101f77d1fedad44c2326933024516ba1ac2533601ed3f86e5e,Tianxia_Factory_HF05ZVK_R1H_Phase2I_HF2,HF05ZVK-R1H Phase 2I HF2 / Canon Corpus P2A,"[""Scout""]",[],[],[],PUBLISHED_CANONICAL,true,OWNER_SELECTABLE_WITH_PREREQUISITES,58,58,0,false,"{""source_anchor"":""line:39585"",""source_authority_sha256"":""4daf167cf634f27efef4dd2f1c8700bb4b7037cc6234c32be1af90aea5916385"",""source_file_sha256"":""67f67275889467d43605debaa0c05dc5ddde9ba079222819aabea27c66167775"",""source_pack"":""Tianxia_Factory_HF05ZVK_R1H_Phase2I_HF2"",""source_path"":""09_RULES/Source_Text/Tianxia_Sphere_Compendium_Latest_R0I_85Spheres.md"",""source_version"":""HF05ZVK-R1H Phase 2I HF2 / Canon Corpus P2A""}",d1621cab3a93e221fef554528d2a259bbf6f7d41c3e93986d0c7bfe53e4db054
tianxia.sphere.the_piercing_needle,tianxia.sphere.the_piercing_needle,tianxia.sphere.the_piercing_needle,null,The Piercing Needle,the_piercing_needle,Sphere of The Piercing Needle,59821,60627,e3f40da7706c6b52afa54806fc7155234656defe5535370369868bd6538e4a0e,Tianxia_Factory_HF05ZVK_R1H_Phase2I_HF2,HF05ZVK-R1H Phase 2I HF2 / Canon Corpus P2A,"[""Fencing"",""Fencing Sphere""]",[],[],[],PUBLISHED_CANONICAL,true,OWNER_SELECTABLE_WITH_PREREQUISITES,39,39,0,false,"{""source_anchor"":""line:59821"",""source_authority_sha256"":""4daf167cf634f27efef4dd2f1c8700bb4b7037cc6234c32be1af90aea5916385"",""source_file_sha256"":""67f67275889467d43605debaa0c05dc5ddde9ba079222819aabea27c66167775"",""source_pack"":""Tianxia_Factory_HF05ZVK_R1H_Phase2I_HF2"",""source_path"":""09_RULES/Source_Text/Tianxia_Sphere_Compendium_Latest_R0I_85Spheres.md"",""source_version"":""HF05ZVK-R1H Phase 2I HF2 / Canon Corpus P2A""}",980ddd7fafef0e8855bb857924db90ee7862d696c818729dea1429a5daa0c709
tianxia.sphere.thread,tianxia.sphere.thread,tianxia.sphere.thread,null,Thread,thread,Sphere of Thread,89781,91006,fac5311aa1542aa47ace32b04293dbf97a619a73478dcddaff6228a6db73a342,Tianxia_Factory_HF05ZVK_R1H_Phase2I_HF2,HF05ZVK-R1H Phase 2I HF2 / Canon Corpus P2A,[],[],[],[],PUBLISHED_CANONICAL,true,OWNER_SELECTABLE_WITH_PREREQUISITES,11,11,0,false,"{""source_anchor"":""line:89781"",""source_authority_sha256"":""4daf167cf634f27efef4dd2f1c8700bb4b7037cc6234c32be1af90aea5916385"",""source_file_sha256"":""67f67275889467d43605debaa0c05dc5ddde9ba079222819aabea27c66167775"",""source_pack"":""Tianxia_Factory_HF05ZVK_R1H_Phase2I_HF2"",""source_path"":""09_RULES/Source_Text/Tianxia_Sphere_Compendium_Latest_R0I_85Spheres.md"",""source_version"":""HF05ZVK-R1H Phase 2I HF2 / Canon Corpus P2A""}",1860aba6bf0f3582cf81eceed6beff5eef39f934c4094a3ed9ca0a89de337e17
tianxia.sphere.trap,tianxia.sphere.trap,tianxia.sphere.trap,null,Trap,trap,Sphere of Trap,91007,91897,f2e6902a31f98436d36f47106ba8570e7268c775a219514fdde1673228fd3422,Tianxia_Factory_HF05ZVK_R1H_Phase2I_HF2,HF05ZVK-R1H Phase 2I HF2 / Canon Corpus P2A,[],[],[],[],PUBLISHED_CANONICAL,true,OWNER_SELECTABLE_WITH_PREREQUISITES,32,32,2,false,"{""source_anchor"":""line:91007"",""source_authority_sha256"":""4daf167cf634f27efef4dd2f1c8700bb4b7037cc6234c32be1af90aea5916385"",""source_file_sha256"":""67f67275889467d43605debaa0c05dc5ddde9ba079222819aabea27c66167775"",""source_pack"":""Tianxia_Factory_HF05ZVK_R1H_Phase2I_HF2"",""source_path"":""09_RULES/Source_Text/Tianxia_Sphere_Compendium_Latest_R0I_85Spheres.md"",""source_version"":""HF05ZVK-R1H Phase 2I HF2 / Canon Corpus P2A""}",838b257a973d18a1e8139d54ce5efb97e2c8fc77381b080b37d099899c44a05b
tianxia.sphere.unmaking,tianxia.sphere.unmaking,tianxia.sphere.unmaking,null,Unmaking,unmaking,Sphere of Unmaking,91898,92938,90dfa3a81e9506bc11a494936e15f3dc91562e169e465c93c6b9113c27b7144b,Tianxia_Factory_HF05ZVK_R1H_Phase2I_HF2,HF05ZVK-R1H Phase 2I HF2 / Canon Corpus P2A,[],[],[],[],PUBLISHED_CANONICAL,true,OWNER_SELECTABLE_WITH_PREREQUISITES,31,31,0,false,"{""source_anchor"":""line:91898"",""source_authority_sha256"":""4daf167cf634f27efef4dd2f1c8700bb4b7037cc6234c32be1af90aea5916385"",""source_file_sha256"":""67f67275889467d43605debaa0c05dc5ddde9ba079222819aabea27c66167775"",""source_pack"":""Tianxia_Factory_HF05ZVK_R1H_Phase2I_HF2"",""source_path"":""09_RULES/Source_Text/Tianxia_Sphere_Compendium_Latest_R0I_85Spheres.md"",""source_version"":""HF05ZVK-R1H Phase 2I HF2 / Canon Corpus P2A""}",f60bd1e0d59629d3f9f749a46e418bd74cfa7dc9f05c56fcb0ae0f5d98fa9c6a
tianxia.sphere.verdant_growth,tianxia.sphere.verdant_growth,tianxia.sphere.verdant_growth,null,Verdant Growth,verdant_growth,Sphere of Verdant Growth,92939,94309,f1b528943fcda5c2d2353901b5c7a04fa6f5a36bae044f2b8f8628ce49dd3879,Tianxia_Factory_HF05ZVK_R1H_Phase2I_HF2,HF05ZVK-R1H Phase 2I HF2 / Canon Corpus P2A,"[""Wood / Plant Growth""]",[],[],[],PUBLISHED_CANONICAL,true,OWNER_SELECTABLE_WITH_PREREQUISITES,33,33,0,false,"{""source_anchor"":""line:92939"",""source_authority_sha256"":""4daf167cf634f27efef4dd2f1c8700bb4b7037cc6234c32be1af90aea5916385"",""source_file_sha256"":""67f67275889467d43605debaa0c05dc5ddde9ba079222819aabea27c66167775"",""source_pack"":""Tianxia_Factory_HF05ZVK_R1H_Phase2I_HF2"",""source_path"":""09_RULES/Source_Text/Tianxia_Sphere_Compendium_Latest_R0I_85Spheres.md"",""source_version"":""HF05ZVK-R1H Phase 2I HF2 / Canon Corpus P2A""}",c9ba76c8c44cc4be896391ec37cde18ba19b203b27dbc5c019d71a2eadb7cb3f
tianxia.sphere.void,tianxia.sphere.void,tianxia.sphere.void,null,Void,void,Sphere of Void,94310,95489,729c15e152e95336fd6239c01633323a2a79556f5064908b846635deba73abe0,Tianxia_Factory_HF05ZVK_R1H_Phase2I_HF2,HF05ZVK-R1H Phase 2I HF2 / Canon Corpus P2A,[],[],[],[],PUBLISHED_CANONICAL,true,OWNER_SELECTABLE_WITH_PREREQUISITES,32,32,0,false,"{""source_anchor"":""line:94310"",""source_authority_sha256"":""4daf167cf634f27efef4dd2f1c8700bb4b7037cc6234c32be1af90aea5916385"",""source_file_sha256"":""67f67275889467d43605debaa0c05dc5ddde9ba079222819aabea27c66167775"",""source_pack"":""Tianxia_Factory_HF05ZVK_R1H_Phase2I_HF2"",""source_path"":""09_RULES/Source_Text/Tianxia_Sphere_Compendium_Latest_R0I_85Spheres.md"",""source_version"":""HF05ZVK-R1H Phase 2I HF2 / Canon Corpus P2A""}",7e9e0185f544ab20f107c7e7416d4cdc2f0364945ee9c48227b749ec154c2fee
tianxia.sphere.warleader,tianxia.sphere.warleader,tianxia.sphere.warleader,null,Warleader,warleader,Sphere of Warleader,95490,96600,9d740c44d3d0d67a1dabfbf286392dc0411e322725ce63a124d885556c2077f7,Tianxia_Factory_HF05ZVK_R1H_Phase2I_HF2,HF05ZVK-R1H Phase 2I HF2 / Canon Corpus P2A,[],[],[],[],PUBLISHED_CANONICAL,true,OWNER_SELECTABLE_WITH_PREREQUISITES,0,0,2,true,"{""source_anchor"":""line:95490"",""source_authority_sha256"":""4daf167cf634f27efef4dd2f1c8700bb4b7037cc6234c32be1af90aea5916385"",""source_file_sha256"":""67f67275889467d43605debaa0c05dc5ddde9ba079222819aabea27c66167775"",""source_pack"":""Tianxia_Factory_HF05ZVK_R1H_Phase2I_HF2"",""source_path"":""09_RULES/Source_Text/Tianxia_Sphere_Compendium_Latest_R0I_85Spheres.md"",""source_version"":""HF05ZVK-R1H Phase 2I HF2 / Canon Corpus P2A""}",ea71865c69613fd9f754921cc13423814aa068a97b89b56d640a7c46b0d46d37
tianxia.sphere.water,tianxia.sphere.water,tianxia.sphere.water,null,Water,water,Sphere of Water,96601,97428,5bef01d915d12b43e4dd3a0dbcc7c4e570334910414892ac6460a9270eba0b01,Tianxia_Factory_HF05ZVK_R1H_Phase2I_HF2,HF05ZVK-R1H Phase 2I HF2 / Canon Corpus P2A,[],[],[],[],PUBLISHED_CANONICAL,true,OWNER_SELECTABLE_WITH_PREREQUISITES,32,32,0,false,"{""source_anchor"":""line:96601"",""source_authority_sha256"":""4daf167cf634f27efef4dd2f1c8700bb4b7037cc6234c32be1af90aea5916385"",""source_file_sha256"":""67f67275889467d43605debaa0c05dc5ddde9ba079222819aabea27c66167775"",""source_pack"":""Tianxia_Factory_HF05ZVK_R1H_Phase2I_HF2"",""source_path"":""09_RULES/Source_Text/Tianxia_Sphere_Compendium_Latest_R0I_85Spheres.md"",""source_version"":""HF05ZVK-R1H Phase 2I HF2 / Canon Corpus P2A""}",7c681f8bb8cc9d94b05a2ddb3370ab89372efc17efeb661e97265141a53d33d2
tianxia.sphere.wax,tianxia.sphere.wax,tianxia.sphere.wax,null,Wax,wax,Sphere of Wax,97429,98285,b16647984eeeba908493046a0e769b5bb5fbe22a2fe5e3baac31928f54c462bb,Tianxia_Factory_HF05ZVK_R1H_Phase2I_HF2,HF05ZVK-R1H Phase 2I HF2 / Canon Corpus P2A,[],[],[],[],PUBLISHED_CANONICAL,true,OWNER_SELECTABLE_WITH_PREREQUISITES,43,43,0,false,"{""source_anchor"":""line:97429"",""source_authority_sha256"":""4daf167cf634f27efef4dd2f1c8700bb4b7037cc6234c32be1af90aea5916385"",""source_file_sha256"":""67f67275889467d43605debaa0c05dc5ddde9ba079222819aabea27c66167775"",""source_pack"":""Tianxia_Factory_HF05ZVK_R1H_Phase2I_HF2"",""source_path"":""09_RULES/Source_Text/Tianxia_Sphere_Compendium_Latest_R0I_85Spheres.md"",""source_version"":""HF05ZVK-R1H Phase 2I HF2 / Canon Corpus P2A""}",d4296dbe0a89251814d425e999cd2678916c6676960ef911264aac06f8be3a55
tianxia.sphere.weapons,tianxia.sphere.weapons,tianxia.sphere.weapons,null,Weapons,weapons,Sphere of Weapons,98286,99794,8b4349344737dbd76c92fd05cd07c9ba751b52027612569375413add2808c825,Tianxia_Factory_HF05ZVK_R1H_Phase2I_HF2,HF05ZVK-R1H Phase 2I HF2 / Canon Corpus P2A,"[""Weapons Catalogue Name: Sphere of Weapons""]",[],[],[],PUBLISHED_CANONICAL,true,OWNER_SELECTABLE_WITH_PREREQUISITES,3,3,0,false,"{""source_anchor"":""line:98286"",""source_authority_sha256"":""4daf167cf634f27efef4dd2f1c8700bb4b7037cc6234c32be1af90aea5916385"",""source_file_sha256"":""67f67275889467d43605debaa0c05dc5ddde9ba079222819aabea27c66167775"",""source_pack"":""Tianxia_Factory_HF05ZVK_R1H_Phase2I_HF2"",""source_path"":""09_RULES/Source_Text/Tianxia_Sphere_Compendium_Latest_R0I_85Spheres.md"",""source_version"":""HF05ZVK-R1H Phase 2I HF2 / Canon Corpus P2A""}",698433df2518c2fd9fa6e26b70032106a14ec5674a4ed4d89b21a003d6ad9f20
tianxia.sphere.weather,tianxia.sphere.weather,tianxia.sphere.weather,null,Weather,weather,Sphere of Weather,99795,101058,02d9f19d59964a75639923a49319681e03db96c46d60e66e136218975ec5b7a7,Tianxia_Factory_HF05ZVK_R1H_Phase2I_HF2,HF05ZVK-R1H Phase 2I HF2 / Canon Corpus P2A,[],[],[],[],PUBLISHED_CANONICAL,true,OWNER_SELECTABLE_WITH_PREREQUISITES,34,34,0,false,"{""source_anchor"":""line:99795"",""source_authority_sha256"":""4daf167cf634f27efef4dd2f1c8700bb4b7037cc6234c32be1af90aea5916385"",""source_file_sha256"":""67f67275889467d43605debaa0c05dc5ddde9ba079222819aabea27c66167775"",""source_pack"":""Tianxia_Factory_HF05ZVK_R1H_Phase2I_HF2"",""source_path"":""09_RULES/Source_Text/Tianxia_Sphere_Compendium_Latest_R0I_85Spheres.md"",""source_version"":""HF05ZVK-R1H Phase 2I HF2 / Canon Corpus P2A""}",912b48f4e40f844cfc3e712ea9123071ee9c5bf23a657a39f935dbdba7010a41
tianxia.sphere.wrestling,tianxia.sphere.wrestling,tianxia.sphere.wrestling,null,Wrestling,wrestling,Sphere of Wrestling,101059,102182,9e4455b515a3af1854a90e2478adabe7c2e7e770addf01b9cab8208ab25afaaf,Tianxia_Factory_HF05ZVK_R1H_Phase2I_HF2,HF05ZVK-R1H Phase 2I HF2 / Canon Corpus P2A,[],[],[],[],PUBLISHED_CANONICAL,true,OWNER_SELECTABLE_WITH_PREREQUISITES,35,35,0,false,"{""source_anchor"":""line:101059"",""source_authority_sha256"":""4daf167cf634f27efef4dd2f1c8700bb4b7037cc6234c32be1af90aea5916385"",""source_file_sha256"":""67f67275889467d43605debaa0c05dc5ddde9ba079222819aabea27c66167775"",""source_pack"":""Tianxia_Factory_HF05ZVK_R1H_Phase2I_HF2"",""source_path"":""09_RULES/Source_Text/Tianxia_Sphere_Compendium_Latest_R0I_85Spheres.md"",""source_version"":""HF05ZVK-R1H Phase 2I HF2 / Canon Corpus P2A""}",1a1b6c860b5a4b25a587bd812cb2c0672da571ade73c9cc8dc7b29ac5adb07d2
tianxia.sphere.yang,tianxia.sphere.yang,tianxia.sphere.yang,null,Yang,yang,Sphere of Yang,102183,103182,01642fe8a34ac25b6557cf02f3573083250c93399af5f928d3ad722e820b4071,Tianxia_Factory_HF05ZVK_R1H_Phase2I_HF2,HF05ZVK-R1H Phase 2I HF2 / Canon Corpus P2A,[],[],[],[],PUBLISHED_CANONICAL,true,OWNER_SELECTABLE_WITH_PREREQUISITES,25,25,0,false,"{""source_anchor"":""line:102183"",""source_authority_sha256"":""4daf167cf634f27efef4dd2f1c8700bb4b7037cc6234c32be1af90aea5916385"",""source_file_sha256"":""67f67275889467d43605debaa0c05dc5ddde9ba079222819aabea27c66167775"",""source_pack"":""Tianxia_Factory_HF05ZVK_R1H_Phase2I_HF2"",""source_path"":""09_RULES/Source_Text/Tianxia_Sphere_Compendium_Latest_R0I_85Spheres.md"",""source_version"":""HF05ZVK-R1H Phase 2I HF2 / Canon Corpus P2A""}",1942886426b26cf3649d5d4df811fffefd7869e2abd8ee5dcbf156466c36f63d
tianxia.sphere.yin,tianxia.sphere.yin,tianxia.sphere.yin,null,Yin,yin,Sphere of Yin,103183,104047,0095be6a53bd837af156de58821a9b4e6a9ecd85488c945321f33c6baa36943a,Tianxia_Factory_HF05ZVK_R1H_Phase2I_HF2,HF05ZVK-R1H Phase 2I HF2 / Canon Corpus P2A,[],[],[],[],PUBLISHED_CANONICAL,true,OWNER_SELECTABLE_WITH_PREREQUISITES,28,28,0,false,"{""source_anchor"":""line:103183"",""source_authority_sha256"":""4daf167cf634f27efef4dd2f1c8700bb4b7037cc6234c32be1af90aea5916385"",""source_file_sha256"":""67f67275889467d43605debaa0c05dc5ddde9ba079222819aabea27c66167775"",""source_pack"":""Tianxia_Factory_HF05ZVK_R1H_Phase2I_HF2"",""source_path"":""09_RULES/Source_Text/Tianxia_Sphere_Compendium_Latest_R0I_85Spheres.md"",""source_version"":""HF05ZVK-R1H Phase 2I HF2 / Canon Corpus P2A""}",1948d5dd96564c574ddb246becb448c90f92472f54c96c4187ed353829efbdd5
